datetime,y_true,y_pred_ridge
2016-08-01 03:00:00,59.0,75.52416980315716
2016-08-01 04:00:00,60.0,54.01729304545779
2016-08-01 05:00:00,70.0,63.327183617641666
2016-08-01 06:00:00,77.0,71.49382404701443
2016-08-01 07:00:00,71.0,73.04450474193841
2016-08-01 08:00:00,62.0,67.46522910450078
2016-08-01 09:00:00,39.0,43.90810427549994
2016-08-01 10:00:00,41.0,45.36697048988174
2016-08-01 11:00:00,43.0,36.957218742491946
2016-08-01 12:00:00,45.0,47.969142049663475
2016-08-01 13:00:00,43.0,44.694953461557546
2016-08-01 14:00:00,64.0,59.90022654502867
2016-08-01 15:00:00,56.0,50.47193634667616
2016-08-01 16:00:00,51.0,63.033392965933544
2016-08-01 17:00:00,61.0,57.87247658342831
2016-08-01 18:00:00,57.0,54.122475442310716
2016-08-01 19:00:00,75.0,76.98423496708263
2016-08-01 20:00:00,88.0,77.10063466025714
2016-08-01 21:00:00,89.0,91.09979861696702
2016-08-01 22:00:00,79.0,85.46644641707947
2016-08-01 23:00:00,101.0,97.55036117000667
2016-08-02 00:00:00,136.0,115.04335047280553
2016-08-02 01:00:00,145.0,137.27657729590345
2016-08-02 02:00:00,108.0,121.45309307934436
2016-08-02 03:00:00,95.0,106.9567708205863
2016-08-02 04:00:00,81.0,74.77152837440768
2016-08-02 05:00:00,67.0,71.14380208245088
2016-08-02 06:00:00,51.0,55.51168421945587
2016-08-02 07:00:00,64.0,60.31656707642436
2016-08-02 08:00:00,67.0,57.374159302178214
2016-08-02 09:00:00,76.0,78.12927984734107
2016-08-02 10:00:00,51.0,52.20502641813701
2016-08-02 11:00:00,35.0,46.46542217670692
2016-08-02 12:00:00,27.33333333333333,24.91442104873873
2016-08-02 13:00:00,19.666666666666664,20.17132961937513
2016-08-02 14:00:00,12.0,15.512636910671063
2016-08-02 15:00:00,22.0,20.371118251633433
2016-08-02 16:00:00,23.0,17.421558366908215
2016-08-02 17:00:00,22.0,26.948326895544014
2016-08-02 18:00:00,27.0,26.995913694159285
2016-08-02 19:00:00,35.0,31.291045428518984
2016-08-02 20:00:00,37.0,36.35304544914402
2016-08-02 21:00:00,36.0,38.35205316410752
2016-08-02 22:00:00,30.0,31.126580072819863
2016-08-02 23:00:00,39.0,37.516910603927386
2016-08-03 00:00:00,44.0,37.04158162857223
2016-08-03 01:00:00,53.0,51.09987058867455
2016-08-03 02:00:00,68.0,60.60472755254922
2016-08-03 03:00:00,53.0,52.91222066727154
2016-08-03 04:00:00,53.0,62.13528769620389
2016-08-03 05:00:00,34.0,31.475426581036572
2016-08-03 06:00:00,55.0,55.05098052913854
2016-08-03 07:00:00,98.0,70.2252765001969
2016-08-03 08:00:00,102.0,91.01465690739458
2016-08-03 09:00:00,83.0,99.21266621031357
2016-08-03 10:00:00,71.0,76.74704586224307
2016-08-03 11:00:00,54.0,54.373684578777244
2016-08-03 12:00:00,44.0,49.34950341818562
2016-08-03 13:00:00,39.0,38.41323419106874
2016-08-03 14:00:00,42.0,41.08934838622697
2016-08-03 15:00:00,35.0,33.998077629432615
2016-08-03 16:00:00,22.0,27.93895408995097
2016-08-03 17:00:00,44.0,39.98831006120045
2016-08-03 18:00:00,59.0,42.25146656977694
2016-08-03 19:00:00,49.0,54.65035314708922
2016-08-03 20:00:00,35.0,44.06721078796048
2016-08-03 21:00:00,51.0,46.4361594152914
2016-08-03 22:00:00,58.0,44.68510007312132
2016-08-03 23:00:00,60.0,62.13680262573807
2016-08-04 00:00:00,71.0,67.36142024729547
2016-08-04 01:00:00,73.0,67.16409770927864
2016-08-04 02:00:00,79.0,78.68042922386418
2016-08-04 03:00:00,78.0,73.56921816350417
2016-08-04 04:00:00,83.0,81.5125470245835
2016-08-04 05:00:00,86.0,79.85551353416777
2016-08-04 06:00:00,87.0,85.71681629078587
2016-08-04 07:00:00,118.0,107.253790381852
2016-08-04 08:00:00,140.0,120.18431828272004
2016-08-04 09:00:00,140.0,141.9199461792437
2016-08-04 10:00:00,156.0,156.4297137925643
2016-08-04 11:00:00,153.0,145.28925520663051
2016-08-04 12:00:00,129.0,139.99205042984568
2016-08-04 13:00:00,142.0,142.50927002863466
2016-08-04 14:00:00,130.0,119.42366868305375
2016-08-04 15:00:00,119.0,129.58126115925705
2016-08-04 16:00:00,118.0,116.47401599718394
2016-08-04 17:00:00,117.0,112.86576629752746
2016-08-04 18:00:00,99.0,102.78621109336542
2016-08-04 19:00:00,93.0,97.7992505356144
2016-08-04 20:00:00,97.0,91.14666283860693
2016-08-04 21:00:00,108.0,101.27436288593405
2016-08-04 22:00:00,112.0,106.64354941858487
2016-08-04 23:00:00,71.0,77.46594817510505
2016-08-05 00:00:00,47.0,61.46073247671198
2016-08-05 01:00:00,40.0,32.75221860337774
2016-08-05 02:00:00,38.0,34.80002729528191
2016-08-05 03:00:00,52.0,47.96535125112965
2016-08-05 04:00:00,68.0,56.71824510495911
2016-08-05 05:00:00,72.0,70.43086148796
2016-08-05 06:00:00,65.0,70.29989274731732
2016-08-05 07:00:00,78.0,76.72606663373939
2016-08-05 08:00:00,87.0,77.22853540069578
2016-08-05 09:00:00,83.0,85.31136365431261
2016-08-05 10:00:00,62.0,68.64902154385
2016-08-05 11:00:00,58.0,61.03947584321482
2016-08-05 12:00:00,54.0,50.079981036169485
2016-08-05 13:00:00,51.0,53.83094747772894
2016-08-05 14:00:00,48.0,48.721436605563355
2016-08-05 15:00:00,47.0,47.45155916724666
2016-08-05 16:00:00,46.0,46.27496184614067
2016-08-05 17:00:00,48.0,47.32545557709331
2016-08-05 18:00:00,55.0,51.8495790199313
2016-08-05 19:00:00,59.0,55.1450447972847
2016-08-05 20:00:00,56.0,56.82890423973093
2016-08-05 21:00:00,92.0,81.43381744746553
2016-08-05 22:00:00,105.0,84.00177990329031
2016-08-05 23:00:00,101.0,107.2726838858638
2016-08-06 00:00:00,103.0,103.77982672584345
2016-08-06 01:00:00,108.0,99.66804167567831
2016-08-06 02:00:00,111.0,105.16942572360124
2016-08-06 03:00:00,113.0,108.67763755521288
2016-08-06 04:00:00,116.0,111.24183532478752
2016-08-06 05:00:00,120.0,113.72445104874579
2016-08-06 06:00:00,108.0,107.46901795140384
2016-08-06 07:00:00,116.0,116.19053661819898
2016-08-06 08:00:00,137.0,120.73692103024915
2016-08-06 09:00:00,138.0,130.9887579678802
2016-08-06 10:00:00,137.0,142.1051492882478
2016-08-06 11:00:00,129.0,127.78926551407609
2016-08-06 12:00:00,101.0,105.70307538544809
2016-08-06 13:00:00,85.0,92.46928078165281
2016-08-06 14:00:00,87.0,81.08851981364158
2016-08-06 15:00:00,94.0,87.31217779302209
2016-08-06 16:00:00,98.0,95.35487146347138
2016-08-06 17:00:00,99.0,97.5723424993689
2016-08-06 18:00:00,99.0,97.85958566661883
2016-08-06 19:00:00,93.0,92.75611923765312
2016-08-06 20:00:00,94.0,93.4349012815096
2016-08-06 21:00:00,106.0,96.80099730989532
2016-08-06 22:00:00,109.0,100.85419675745037
2016-08-06 23:00:00,25.0,39.65121067961725
2016-08-07 00:00:00,18.0,40.473537569956676
2016-08-07 01:00:00,12.0,-11.476646590786643
2016-08-07 02:00:00,13.0,18.629271969461072
2016-08-07 03:00:00,18.0,17.04569369212949
2016-08-07 04:00:00,21.0,16.228309047112887
2016-08-07 05:00:00,19.0,20.000909604082693
2016-08-07 06:00:00,17.0,18.90221665250472
2016-08-07 07:00:00,7.0,9.405311255804662
2016-08-07 08:00:00,22.0,19.699355470990724
2016-08-07 09:00:00,13.0,7.818221350458899
2016-08-07 10:00:00,14.0,23.1024786327244
2016-08-07 11:00:00,13.0,11.785379255879718
2016-08-07 12:00:00,24.0,23.279325284087392
2016-08-07 13:00:00,26.0,22.95826930157625
2016-08-07 14:00:00,20.0,24.550674619389085
2016-08-07 15:00:00,15.0,18.32018353114151
2016-08-07 16:00:00,15.0,14.894929613797373
2016-08-07 17:00:00,14.0,13.410289086834439
2016-08-07 18:00:00,14.0,14.793011987093422
2016-08-07 19:00:00,22.0,22.902660044071055
2016-08-07 20:00:00,24.0,20.846742820582904
2016-08-07 21:00:00,26.0,27.795245041205476
2016-08-07 22:00:00,31.0,29.811184631551797
2016-08-07 23:00:00,29.0,27.973464838647786
2016-08-08 00:00:00,31.0,31.969796605623017
2016-08-08 01:00:00,32.0,29.32788364456019
2016-08-08 02:00:00,48.0,42.771367630636945
2016-08-08 03:00:00,55.0,46.46970509293354
2016-08-08 04:00:00,58.0,59.40966486086809
2016-08-08 05:00:00,45.0,47.682383787151
2016-08-08 06:00:00,47.0,50.3554017768334
2016-08-08 07:00:00,57.0,48.109362934819984
2016-08-08 08:00:00,49.0,47.51461345149069
2016-08-08 09:00:00,25.0,33.69659451812153
2016-08-08 10:00:00,21.0,24.182561307761574
2016-08-08 11:00:00,25.0,17.307859612729843
2016-08-08 12:00:00,22.0,21.753231796704355
2016-08-08 13:00:00,13.0,18.13121571423504
2016-08-08 14:00:00,19.0,18.248945702938556
2016-08-08 15:00:00,17.0,12.646946513687524
2016-08-08 16:00:00,27.0,27.642213889996327
2016-08-08 17:00:00,20.0,17.384484455101784
2016-08-08 18:00:00,19.0,23.69183302685319
2016-08-08 19:00:00,25.0,20.1704464540433
2016-08-08 20:00:00,29.0,26.043722941786555
2016-08-08 21:00:00,38.0,37.22593100898412
2016-08-08 22:00:00,37.0,35.47873666813649
2016-08-08 23:00:00,48.0,47.46594846680887
2016-08-09 00:00:00,30.0,29.314597021926502
2016-08-09 01:00:00,35.0,42.63666029141223
2016-08-09 02:00:00,36.0,27.28111920489836
2016-08-09 03:00:00,32.0,35.19625246193198
2016-08-09 04:00:00,29.0,32.30463408815753
2016-08-09 05:00:00,33.0,31.520487704725156
2016-08-09 06:00:00,35.0,32.90126302795974
2016-08-09 07:00:00,42.0,42.05815320552486
2016-08-09 08:00:00,55.0,49.679410659915575
2016-08-09 09:00:00,55.0,52.66489934028294
2016-08-09 10:00:00,36.0,44.29050505206449
2016-08-09 11:00:00,40.0,44.21414529597769
2016-08-09 12:00:00,47.0,37.69487366530164
2016-08-09 13:00:00,47.0,49.27479935523354
2016-08-09 14:00:00,46.0,51.14157267107035
2016-08-09 15:00:00,49.0,50.345776166744386
2016-08-09 16:00:00,44.0,46.452975855809655
2016-08-09 17:00:00,61.0,61.10287208047457
2016-08-09 18:00:00,60.0,53.583866175022095
2016-08-09 19:00:00,44.0,53.093930106134096
2016-08-09 20:00:00,33.0,37.69084953077413
2016-08-09 21:00:00,45.0,38.86420497419334
2016-08-09 22:00:00,52.0,41.995497683178115
2016-08-09 23:00:00,65.0,61.80401457448862
2016-08-10 00:00:00,37.0,38.364217231234804
2016-08-10 01:00:00,47.0,53.649649691789634
2016-08-10 02:00:00,49.0,32.721555835707406
2016-08-10 03:00:00,71.0,66.28262479756422
2016-08-10 04:00:00,75.0,64.37128586129673
2016-08-10 05:00:00,89.0,87.55158897318547
2016-08-10 06:00:00,103.0,91.63906094966511
2016-08-10 07:00:00,107.0,103.41274689059277
2016-08-10 08:00:00,107.0,108.51890483701645
2016-08-10 09:00:00,92.0,92.76581982859808
2016-08-10 10:00:00,69.0,75.04210266701249
2016-08-10 11:00:00,68.0,67.94438002122011
2016-08-10 12:00:00,63.0,57.43233561471429
2016-08-10 13:00:00,65.0,66.74658478312061
2016-08-10 14:00:00,64.0,62.24621995701595
2016-08-10 15:00:00,75.0,71.87476383512309
2016-08-10 16:00:00,81.0,73.46142788394927
2016-08-10 17:00:00,76.0,77.60316147875058
2016-08-10 18:00:00,93.0,88.61349175734243
2016-08-10 19:00:00,98.0,84.85698575617009
2016-08-10 20:00:00,94.0,96.45146846944387
2016-08-10 21:00:00,86.0,86.47454737509348
2016-08-10 22:00:00,76.0,74.28389642151153
2016-08-10 23:00:00,67.0,65.68531522320133
2016-08-11 00:00:00,63.0,60.22459796006642
2016-08-11 01:00:00,70.0,63.377629460621435
2016-08-11 02:00:00,70.0,63.37323828712927
2016-08-11 03:00:00,72.0,70.64734892527683
2016-08-11 04:00:00,76.0,70.05932107127806
2016-08-11 05:00:00,79.0,74.62107661194979
2016-08-11 06:00:00,84.0,80.9460398474029
2016-08-11 07:00:00,87.0,83.07518607827107
2016-08-11 08:00:00,91.0,88.65869707543685
2016-08-11 09:00:00,93.0,90.80833752929921
2016-08-11 10:00:00,99.0,96.30238473183168
2016-08-11 11:00:00,99.0,96.59330064269038
2016-08-11 12:00:00,82.0,86.48567957340434
2016-08-11 13:00:00,68.0,74.93472868046062
2016-08-11 14:00:00,82.0,75.53630308418091
2016-08-11 15:00:00,80.0,71.2408761394776
2016-08-11 16:00:00,93.0,94.85510038755642
2016-08-11 17:00:00,100.0,90.47122973711886
2016-08-11 18:00:00,107.0,105.3705548971018
2016-08-11 19:00:00,96.0,96.54733229720757
2016-08-11 20:00:00,75.0,81.77388365364511
2016-08-11 21:00:00,78.0,76.60335155079936
2016-08-11 22:00:00,76.0,66.77650512854252
2016-08-11 23:00:00,74.0,74.7054491924758
2016-08-12 00:00:00,72.0,69.65219413183262
2016-08-12 01:00:00,74.0,70.39747934959813
2016-08-12 02:00:00,77.0,71.75729462087632
2016-08-12 03:00:00,82.0,77.29314248476008
2016-08-12 04:00:00,80.0,76.39114706941284
2016-08-12 05:00:00,84.0,82.54190100470946
2016-08-12 06:00:00,102.0,91.60973954679098
2016-08-12 07:00:00,114.0,103.09377754141902
2016-08-12 08:00:00,117.0,116.44391141622883
2016-08-12 09:00:00,124.0,122.90099060681386
2016-08-12 10:00:00,129.0,124.0645575372575
2016-08-12 11:00:00,100.0,104.48005489016477
2016-08-12 12:00:00,70.0,82.86072429141213
2016-08-12 13:00:00,17.0,23.791532059608016
2016-08-12 14:00:00,13.0,22.680630483957714
2016-08-12 15:00:00,10.0,1.461230995670789
2016-08-12 16:00:00,8.0,15.877237194147924
2016-08-12 17:00:00,15.0,16.105721557825575
2016-08-12 18:00:00,18.0,14.224548408684115
2016-08-12 19:00:00,19.5,22.13695454214617
2016-08-12 20:00:00,21.0,21.602968744326375
2016-08-12 21:00:00,20.0,20.989408464485237
2016-08-12 22:00:00,19.0,20.709468039534002
2016-08-12 23:00:00,22.0,20.702580596987858
2016-08-13 00:00:00,24.0,21.83392414773175
2016-08-13 01:00:00,24.0,25.061318344264336
2016-08-13 02:00:00,28.0,27.92035472593018
2016-08-13 03:00:00,29.0,26.994382090051147
2016-08-13 04:00:00,28.0,29.840309068072614
2016-08-13 05:00:00,22.0,23.553471573426847
2016-08-13 06:00:00,26.0,26.717449140336655
2016-08-13 07:00:00,17.0,15.083269652141027
2016-08-13 08:00:00,22.0,25.09019197107125
2016-08-13 09:00:00,26.0,20.15472239660008
2016-08-13 10:00:00,24.0,26.101991163356814
2016-08-13 11:00:00,22.0,25.53925313759126
2016-08-13 12:00:00,30.0,29.162551670469185
2016-08-13 13:00:00,37.0,32.97377049677743
2016-08-13 14:00:00,37.0,38.16334116996393
2016-08-13 15:00:00,31.0,33.73834622511475
2016-08-13 16:00:00,24.0,26.12958280337142
2016-08-13 17:00:00,19.0,19.707695724418613
2016-08-13 18:00:00,14.0,14.120388933193198
2016-08-13 19:00:00,12.0,11.945644182692803
2016-08-13 20:00:00,14.0,11.50457150298979
2016-08-13 21:00:00,16.0,12.637578165403255
2016-08-13 22:00:00,10.0,9.281026251229463
2016-08-13 23:00:00,8.0,7.587865247885631
2016-08-14 00:00:00,13.0,7.673112680495279
2016-08-14 01:00:00,12.0,7.786137855354667
2016-08-14 02:00:00,9.0,9.748412222932501
2016-08-14 03:00:00,12.0,9.558391199180093
2016-08-14 04:00:00,12.0,8.163963608979074
2016-08-14 05:00:00,14.0,13.404851260142834
2016-08-14 06:00:00,14.0,12.20776878587975
2016-08-14 07:00:00,16.0,15.961859028990034
2016-08-14 08:00:00,19.0,16.776648420620376
2016-08-14 09:00:00,15.0,15.014818418614396
2016-08-14 10:00:00,20.0,20.077639287791627
2016-08-14 11:00:00,22.0,17.332450637215914
2016-08-14 12:00:00,6.0,9.216212484407578
2016-08-14 13:00:00,12.0,14.772230475593645
2016-08-14 14:00:00,12.0,3.361456154561239
2016-08-14 15:00:00,4.0,8.724727497295689
2016-08-14 16:00:00,15.0,13.793561141646862
2016-08-14 17:00:00,18.0,10.613713130941548
2016-08-14 18:00:00,33.0,32.232439111225546
2016-08-14 19:00:00,31.0,27.908614127874316
2016-08-14 20:00:00,35.0,40.58525783228316
2016-08-14 21:00:00,41.0,38.20691061303545
2016-08-14 22:00:00,50.0,47.223142738874984
2016-08-14 23:00:00,52.0,50.553243042437714
2016-08-15 00:00:00,69.0,65.26791150754407
2016-08-15 01:00:00,41.0,40.82018024225938
2016-08-15 02:00:00,47.0,58.442560278807505
2016-08-15 03:00:00,73.0,52.52010697471276
2016-08-15 04:00:00,78.0,68.27296554246793
2016-08-15 05:00:00,8.0,25.386990632131813
2016-08-15 06:00:00,14.0,27.246875641581326
2016-08-15 07:00:00,15.0,-9.752335265240276
2016-08-15 08:00:00,20.0,27.102047625609472
2016-08-15 09:00:00,13.0,16.670549137008294
2016-08-15 10:00:00,6.0,10.009589655840045
2016-08-15 11:00:00,7.0,7.54787822614793
2016-08-15 12:00:00,13.0,10.713818368102451
2016-08-15 13:00:00,10.0,11.355633439382387
2016-08-15 14:00:00,18.0,19.83777938309443
2016-08-15 15:00:00,5.0,4.474396149230728
2016-08-15 16:00:00,9.0,15.214779671439615
2016-08-15 17:00:00,4.0,-0.5618954859965868
2016-08-15 18:00:00,6.0,9.55914167496725
2016-08-15 19:00:00,10.0,7.609496655676722
2016-08-15 20:00:00,16.0,13.993651499574568
2016-08-15 21:00:00,14.0,13.892397073633035
2016-08-15 22:00:00,14.0,16.47655808263724
2016-08-15 23:00:00,13.0,12.087673709528772
2016-08-16 00:00:00,12.0,12.910997487969027
2016-08-16 01:00:00,18.0,16.97898362082094
2016-08-16 02:00:00,27.0,21.495189230863275
2016-08-16 03:00:00,28.0,26.898745935978624
2016-08-16 04:00:00,25.0,28.212377187436985
2016-08-16 05:00:00,22.0,23.295789261686465
2016-08-16 06:00:00,22.0,21.734151769111534
2016-08-16 07:00:00,16.0,16.133967969249127
2016-08-16 08:00:00,19.0,19.726392608341385
2016-08-16 09:00:00,23.0,17.79217280888416
2016-08-16 10:00:00,20.0,20.152726277349885
2016-08-16 11:00:00,22.0,24.535840630491137
2016-08-16 12:00:00,33.0,28.117406272103707
2016-08-16 13:00:00,29.0,27.78999966994766
2016-08-16 14:00:00,27.0,32.583335853286385
2016-08-16 15:00:00,17.0,18.30361281376868
2016-08-16 16:00:00,20.0,21.883860922615938
2016-08-16 17:00:00,27.0,20.38635341151185
2016-08-16 18:00:00,27.0,24.993592286747187
2016-08-16 19:00:00,34.0,33.19440368131437
2016-08-16 20:00:00,27.0,24.31582267103913
2016-08-16 21:00:00,27.0,29.51389983352901
2016-08-16 22:00:00,23.0,19.19137351667824
2016-08-16 23:00:00,23.0,22.606695469684652
2016-08-17 00:00:00,31.0,26.152333009151604
2016-08-17 01:00:00,31.0,26.288435403713905
2016-08-17 02:00:00,32.0,33.37264110601143
2016-08-17 03:00:00,28.0,26.700330829220974
2016-08-17 04:00:00,30.0,29.775132348640298
2016-08-17 05:00:00,28.0,26.100910973655445
2016-08-17 06:00:00,39.0,36.84914793338703
2016-08-17 07:00:00,47.0,40.51580502648446
2016-08-17 08:00:00,55.0,54.55913781021445
2016-08-17 09:00:00,68.0,64.42749842515796
2016-08-17 10:00:00,69.0,67.08650062625621
2016-08-17 11:00:00,79.0,81.44221282251569
2016-08-17 12:00:00,77.0,75.24312729822124
2016-08-17 13:00:00,76.0,81.91267543131319
2016-08-17 14:00:00,79.0,79.04021790880411
2016-08-17 15:00:00,84.0,82.59594842965852
2016-08-17 16:00:00,81.0,82.33690662953914
2016-08-17 17:00:00,78.0,81.41703026242546
2016-08-17 18:00:00,83.0,81.71278223480549
2016-08-17 19:00:00,79.0,76.51510445859269
2016-08-17 20:00:00,79.0,81.1924641417584
2016-08-17 21:00:00,83.0,78.11237531941255
2016-08-17 22:00:00,95.0,87.89395223678342
2016-08-17 23:00:00,109.0,98.63402086412019
2016-08-18 00:00:00,117.0,110.37242219297904
2016-08-18 01:00:00,113.0,112.33246578594138
2016-08-18 02:00:00,116.0,114.74026789783427
2016-08-18 03:00:00,117.0,109.2298075330031
2016-08-18 04:00:00,113.0,110.49435672722639
2016-08-18 05:00:00,115.0,111.45529558500941
2016-08-18 06:00:00,117.0,110.8115945174515
2016-08-18 07:00:00,110.0,109.10242451366334
2016-08-18 08:00:00,85.0,89.0345252206957
2016-08-18 09:00:00,82.0,86.72660141825172
2016-08-18 10:00:00,83.0,77.02758155067009
2016-08-18 11:00:00,58.0,64.05430577909233
2016-08-18 12:00:00,68.0,76.5300070193167
2016-08-18 13:00:00,77.0,64.9127996996378
2016-08-18 14:00:00,76.0,81.51342722667668
2016-08-18 15:00:00,73.0,80.3126522225427
2016-08-18 16:00:00,60.0,64.22065613601681
2016-08-18 17:00:00,60.0,65.19798988519862
2016-08-18 18:00:00,67.0,63.99110433198457
2016-08-18 19:00:00,49.0,52.86156977956155
2016-08-18 20:00:00,45.0,54.90628390926568
2016-08-18 21:00:00,60.0,51.698809723698034
2016-08-18 22:00:00,61.0,56.39196050560409
2016-08-18 23:00:00,56.0,64.53863570363474
2016-08-19 00:00:00,47.0,51.82610548488614
2016-08-19 01:00:00,31.0,35.92661410554051
2016-08-19 02:00:00,27.0,31.65709091697545
2016-08-19 03:00:00,23.0,21.96209987049359
2016-08-19 04:00:00,17.0,19.608393940412796
2016-08-19 05:00:00,15.0,16.720964330059005
2016-08-19 06:00:00,13.0,12.544112146736026
2016-08-19 07:00:00,14.0,15.19355444517187
2016-08-19 08:00:00,11.0,11.763379130533892
2016-08-19 09:00:00,13.0,15.123986654014942
2016-08-19 10:00:00,17.0,13.851620592322277
2016-08-19 11:00:00,6.0,8.296180032324685
2016-08-19 12:00:00,12.0,14.457403306702432
2016-08-19 13:00:00,9.0,3.6166242008882676
2016-08-19 14:00:00,9.0,12.541560577233412
2016-08-19 15:00:00,10.0,8.783172375546627
2016-08-19 16:00:00,14.0,12.127087085085918
2016-08-19 17:00:00,10.0,9.600152314347184
2016-08-19 18:00:00,13.0,14.618677235090317
2016-08-19 19:00:00,17.0,13.555510285790248
2016-08-19 20:00:00,32.0,28.82706564233831
2016-08-19 21:00:00,44.0,36.43280676787104
2016-08-19 22:00:00,38.0,40.20819336311932
2016-08-19 23:00:00,32.0,38.03754280191335
2016-08-20 00:00:00,23.0,24.240002234199935
2016-08-20 01:00:00,36.0,33.48307540668965
2016-08-20 02:00:00,44.0,34.249922948527015
2016-08-20 03:00:00,48.0,48.985609135267254
2016-08-20 04:00:00,58.0,56.30851646668118
2016-08-20 05:00:00,54.0,52.40406254383211
2016-08-20 06:00:00,48.0,54.07575804463417
2016-08-20 07:00:00,42.0,43.12766299295632
2016-08-20 08:00:00,67.0,59.9371982637543
2016-08-20 09:00:00,80.0,65.76189071879769
2016-08-20 10:00:00,80.0,84.10225290371515
2016-08-20 11:00:00,65.0,71.17172584629178
2016-08-20 12:00:00,63.0,66.00760085575568
2016-08-20 13:00:00,55.0,52.590829566006775
2016-08-20 14:00:00,54.0,57.25030195940191
2016-08-20 15:00:00,63.0,57.48016336312544
2016-08-20 16:00:00,45.0,44.71408897626665
2016-08-20 17:00:00,48.0,55.68756595029434
2016-08-20 18:00:00,65.0,52.52266506908174
2016-08-20 19:00:00,78.0,70.19658182644194
2016-08-20 20:00:00,55.0,61.2687009292565
2016-08-20 21:00:00,65.0,71.96441182720717
2016-08-20 22:00:00,60.0,48.704761410203915
2016-08-20 23:00:00,57.0,63.62501905570441
2016-08-21 00:00:00,57.0,56.32477100600367
2016-08-21 01:00:00,60.0,57.24774388578409
2016-08-21 02:00:00,60.0,59.90204968560052
2016-08-21 03:00:00,64.0,63.02960542082583
2016-08-21 04:00:00,50.0,50.94485464670555
2016-08-21 05:00:00,51.0,55.85649485611404
2016-08-21 06:00:00,51.0,45.52012849908239
2016-08-21 07:00:00,43.0,45.07675694523071
2016-08-21 08:00:00,38.0,41.464898999263696
2016-08-21 09:00:00,37.0,35.11138732369186
2016-08-21 10:00:00,39.0,37.98209033109198
2016-08-21 11:00:00,39.0,39.164270056467615
2016-08-21 12:00:00,45.0,43.97006665124245
2016-08-21 13:00:00,31.0,32.58715972361888
2016-08-21 14:00:00,43.0,47.32973038503543
2016-08-21 15:00:00,66.0,51.047355266980944
2016-08-21 16:00:00,65.0,61.91245431870202
2016-08-21 17:00:00,47.0,58.68267898836065
2016-08-21 18:00:00,43.0,46.77238306717818
2016-08-21 19:00:00,47.0,40.86288174559709
2016-08-21 20:00:00,49.0,47.12962985429398
2016-08-21 21:00:00,58.0,55.49738819191573
2016-08-21 22:00:00,66.0,59.58183980981961
2016-08-21 23:00:00,77.0,72.69929085788583
2016-08-22 00:00:00,74.0,73.6016273739284
2016-08-22 01:00:00,71.0,75.997760689461
2016-08-22 02:00:00,67.0,66.44444734927224
2016-08-22 03:00:00,67.0,66.55737332022842
2016-08-22 04:00:00,67.0,65.17886248206928
2016-08-22 05:00:00,50.0,52.43293915637156
2016-08-22 06:00:00,62.0,63.598652714826144
2016-08-22 07:00:00,72.0,60.36748377291799
2016-08-22 08:00:00,70.0,72.55229876375329
2016-08-22 09:00:00,42.0,51.21554053527703
2016-08-22 10:00:00,34.0,41.409111569396075
2016-08-22 11:00:00,26.0,21.36966072653682
2016-08-22 12:00:00,31.0,32.41496688546388
2016-08-22 13:00:00,28.0,25.954401189872428
2016-08-22 14:00:00,26.0,28.8473338705719
2016-08-22 15:00:00,28.0,27.308971669995415
2016-08-22 16:00:00,30.0,27.529759738729652
2016-08-22 17:00:00,29.0,28.797879478558613
2016-08-22 18:00:00,29.0,29.36319960799686
2016-08-22 19:00:00,29.0,27.66770173307107
2016-08-22 20:00:00,28.0,27.311270549960753
2016-08-22 21:00:00,37.0,33.38707221258309
2016-08-22 22:00:00,30.0,26.4676239536375
2016-08-22 23:00:00,33.0,35.622218349673986
2016-08-23 00:00:00,50.0,38.952023406630374
2016-08-23 01:00:00,42.0,36.615820561255134
2016-08-23 02:00:00,52.0,54.972244409411886
2016-08-23 03:00:00,60.0,47.533446552076754
2016-08-23 04:00:00,77.0,69.58080175076971
2016-08-23 05:00:00,84.0,75.48271062935812
2016-08-23 06:00:00,63.0,68.22981771999197
2016-08-23 07:00:00,68.0,72.1999875039012
2016-08-23 08:00:00,67.0,56.81889406742046
2016-08-23 09:00:00,77.0,74.92362620276212
2016-08-23 10:00:00,22.0,27.451114355248222
2016-08-23 11:00:00,25.0,41.25189182050413
2016-08-23 12:00:00,47.0,20.161735530063538
2016-08-23 13:00:00,52.0,46.02533318894186
2016-08-23 14:00:00,54.0,61.08876063491344
2016-08-23 15:00:00,72.0,66.2308451109874
2016-08-23 16:00:00,91.0,79.63762287787254
2016-08-23 17:00:00,66.0,71.88950579649845
2016-08-23 18:00:00,100.0,102.88223058872897
2016-08-23 19:00:00,82.0,62.87116809742314
2016-08-23 20:00:00,81.0,97.4780618687564
2016-08-23 21:00:00,84.0,74.0413707900817
2016-08-23 22:00:00,78.0,76.13176615922087
2016-08-23 23:00:00,80.0,80.70408967632763
2016-08-24 00:00:00,63.0,60.86862673534988
2016-08-24 01:00:00,80.0,78.4317101977207
2016-08-24 02:00:00,100.0,78.78240841480978
2016-08-24 03:00:00,105.0,100.72555678430349
2016-08-24 04:00:00,100.0,104.51566203727667
2016-08-24 05:00:00,84.0,86.10010597881568
2016-08-24 06:00:00,57.0,62.4874646194409
2016-08-24 07:00:00,63.0,63.26725012062674
2016-08-24 08:00:00,71.0,58.440796810168294
2016-08-24 09:00:00,64.0,66.37938189400028
2016-08-24 10:00:00,69.0,71.41460635947432
2016-08-24 11:00:00,74.0,66.51039199389463
2016-08-24 12:00:00,78.0,78.76505935193508
2016-08-24 13:00:00,69.0,73.72642058882705
2016-08-24 14:00:00,85.0,83.89293992092173
2016-08-24 15:00:00,73.0,66.49977930002494
2016-08-24 16:00:00,69.0,79.34841169812763
2016-08-24 17:00:00,77.0,73.22552652677938
2016-08-24 18:00:00,77.0,73.46044358928854
2016-08-24 19:00:00,78.0,81.61739713949338
2016-08-24 20:00:00,72.0,72.23277183729182
2016-08-24 21:00:00,72.0,74.24695688044402
2016-08-24 22:00:00,91.0,83.16057169360231
2016-08-24 23:00:00,96.0,85.5316948796388
2016-08-25 00:00:00,101.0,103.06597459387801
2016-08-25 01:00:00,101.0,99.67199797933911
2016-08-25 02:00:00,49.0,54.11228658506474
2016-08-25 03:00:00,10.0,25.78288419828874
2016-08-25 04:00:00,9.0,-2.397216970133641
2016-08-25 05:00:00,7.0,-4.228881838019632
2016-08-25 06:00:00,3.0,5.163250360780495
2016-08-25 07:00:00,9.0,7.177009140828176
2016-08-25 08:00:00,9.0,4.955397180365182
2016-08-25 09:00:00,7.0,9.724402396249488
2016-08-25 10:00:00,11.0,9.305425223751314
2016-08-25 11:00:00,7.0,4.319644602214169
2016-08-25 12:00:00,8.0,9.00971451350405
2016-08-25 13:00:00,3.0,1.1924221109808286
2016-08-25 14:00:00,9.0,8.19051105675905
2016-08-25 15:00:00,15.0,7.758674636736174
2016-08-25 16:00:00,5.0,5.388046558480525
2016-08-25 17:00:00,10.0,11.479534262037248
2016-08-25 18:00:00,12.0,3.7658743421219185
2016-08-25 19:00:00,12.0,11.851044471885501
2016-08-25 20:00:00,13.0,12.841338926145696
2016-08-25 21:00:00,14.0,12.403042986805005
2016-08-25 22:00:00,20.0,18.391163949617052
2016-08-25 23:00:00,17.0,17.223733257665202
2016-08-26 00:00:00,15.0,18.42401806888674
2016-08-26 01:00:00,11.0,8.948074960217227
2016-08-26 02:00:00,9.0,9.44534210977936
2016-08-26 03:00:00,6.0,5.010443834910134
2016-08-26 04:00:00,11.0,7.9572617942900905
2016-08-26 05:00:00,7.0,2.6012596005909074
2016-08-26 06:00:00,6.0,8.137785427068508
2016-08-26 07:00:00,3.0,1.8100650934468803
2016-08-26 08:00:00,10.0,9.280916129160815
2016-08-26 09:00:00,8.0,4.560877319148389
2016-08-26 10:00:00,10.0,11.868748738277745
2016-08-26 11:00:00,8.0,5.6715353792570795
2016-08-26 12:00:00,3.0,4.277048848015795
2016-08-26 13:00:00,5.0,3.375959925409248
2016-08-26 14:00:00,12.0,5.656202400455726
2016-08-26 15:00:00,5.0,2.757496513287691
2016-08-26 16:00:00,8.0,8.60695995126187
2016-08-26 17:00:00,3.0,-1.897310684837592
2016-08-26 18:00:00,3.0,4.570040050120127
2016-08-26 19:00:00,15.0,8.657081237122526
2016-08-26 20:00:00,10.0,7.920563890729582
2016-08-26 21:00:00,23.0,26.203198678082572
2016-08-26 22:00:00,25.0,18.368214084261396
2016-08-26 23:00:00,22.0,28.070835806177257
2016-08-27 00:00:00,26.0,29.89770973662725
2016-08-27 01:00:00,17.0,17.291099811086184
2016-08-27 02:00:00,20.0,24.30900563242831
2016-08-27 03:00:00,18.0,15.149146987945997
2016-08-27 04:00:00,16.0,18.97474577864027
2016-08-27 05:00:00,19.0,18.178177754235975
2016-08-27 06:00:00,12.0,12.46572627921232
2016-08-27 07:00:00,14.0,16.28139028376387
2016-08-27 08:00:00,21.0,16.305923324804525
2016-08-27 09:00:00,19.0,17.482892304795655
2016-08-27 10:00:00,16.0,17.138945728730064
2016-08-27 11:00:00,18.0,15.19389831368035
2016-08-27 12:00:00,17.0,14.265787669778732
2016-08-27 13:00:00,13.0,12.330974867602947
2016-08-27 14:00:00,3.0,2.6087677504515767
2016-08-27 15:00:00,3.0,1.4170018180775372
2016-08-27 16:00:00,3.0,-2.0234563255334166
2016-08-27 17:00:00,12.0,13.651472735029301
2016-08-27 18:00:00,3.0,1.313634010546707
2016-08-27 19:00:00,4.0,10.418111927766361
2016-08-27 20:00:00,12.0,9.33406371071878
2016-08-27 21:00:00,18.0,18.50731214755956
2016-08-27 22:00:00,20.0,18.601987645118868
2016-08-27 23:00:00,9.0,9.43717308560366
2016-08-28 00:00:00,12.0,10.86570508675291
2016-08-28 01:00:00,12.0,6.051980225612866
2016-08-28 02:00:00,8.0,9.786519026686875
2016-08-28 03:00:00,10.0,10.13369113083246
2016-08-28 04:00:00,6.0,4.845087120307966
2016-08-28 05:00:00,13.0,13.462796298631247
2016-08-28 06:00:00,13.0,9.006640429472554
2016-08-28 07:00:00,9.0,11.930746763932206
2016-08-28 08:00:00,16.0,14.071107469965781
2016-08-28 09:00:00,12.0,7.377334097508623
2016-08-28 10:00:00,5.0,9.328519642881915
2016-08-28 11:00:00,9.0,6.986959339236748
2016-08-28 12:00:00,3.0,-1.012850786981204
2016-08-28 13:00:00,14.0,11.212460261084672
2016-08-28 14:00:00,8.0,0.5437471273434653
2016-08-28 15:00:00,14.0,15.16297385035
2016-08-28 16:00:00,4.0,-0.1643770688905022
2016-08-28 17:00:00,3.0,6.409695493284545
2016-08-28 18:00:00,10.0,3.5371837845487732
2016-08-28 19:00:00,8.0,6.474185385980604
2016-08-28 20:00:00,11.0,14.255899679233536
2016-08-28 21:00:00,22.0,16.148985776292832
2016-08-28 22:00:00,24.0,19.38348481900468
2016-08-28 23:00:00,19.0,22.758931571305766
2016-08-29 00:00:00,23.0,25.446308528329723
2016-08-29 01:00:00,23.0,21.047292813942533
2016-08-29 02:00:00,22.0,25.4844582386374
2016-08-29 03:00:00,22.0,23.843583640003118
2016-08-29 04:00:00,22.0,21.482504322376712
2016-08-29 05:00:00,14.0,13.85387471524706
2016-08-29 06:00:00,15.0,16.62586125904157
2016-08-29 07:00:00,15.0,13.172838551086016
2016-08-29 08:00:00,15.0,15.752534055003593
2016-08-29 09:00:00,17.0,16.90225904597297
2016-08-29 10:00:00,12.0,12.903896124436372
2016-08-29 11:00:00,16.0,17.450393551721703
2016-08-29 12:00:00,9.0,6.70827207958294
2016-08-29 13:00:00,23.0,20.892101730360736
2016-08-29 14:00:00,9.0,2.913461580753477
2016-08-29 15:00:00,4.0,13.023781534097907
2016-08-29 16:00:00,15.0,7.398524078520694
2016-08-29 17:00:00,22.0,13.385798876964003
2016-08-29 18:00:00,14.0,17.91500511769884
2016-08-29 19:00:00,21.0,22.69811905099496
2016-08-29 20:00:00,17.0,12.645646987190332
2016-08-29 21:00:00,26.0,29.223531387299786
2016-08-29 22:00:00,20.0,19.335065937230922
2016-08-29 23:00:00,27.0,30.73478219958305
2016-08-30 00:00:00,29.0,26.991870201356093
2016-08-30 01:00:00,44.0,47.27581466235095
2016-08-30 02:00:00,47.0,43.85616152576934
2016-08-30 03:00:00,43.0,50.332077672361166
2016-08-30 04:00:00,25.0,28.88232268046275
2016-08-30 05:00:00,23.0,26.436746804780952
2016-08-30 06:00:00,22.0,17.78721336841957
2016-08-30 07:00:00,19.0,20.389953223898928
2016-08-30 08:00:00,18.0,19.976192808471367
2016-08-30 09:00:00,21.0,20.32628067181703
2016-08-30 10:00:00,28.0,24.423158135666
2016-08-30 11:00:00,42.0,36.06722403372258
2016-08-30 12:00:00,32.0,30.949241197319836
2016-08-30 13:00:00,15.0,26.3251531215995
2016-08-30 14:00:00,24.0,22.3899644026081
2016-08-30 15:00:00,30.0,19.470477697777554
2016-08-30 16:00:00,31.0,34.46076096659765
2016-08-30 17:00:00,34.0,37.080827386877374
2016-08-30 18:00:00,31.0,30.28412108760675
2016-08-30 19:00:00,32.0,37.9646281641582
2016-08-30 20:00:00,35.0,36.856852564425225
2016-08-30 21:00:00,38.0,37.402829663147145
2016-08-30 22:00:00,40.0,41.540589835897606
2016-08-30 23:00:00,45.0,42.87183166713922
2016-08-31 00:00:00,36.0,36.89731695674769
2016-08-31 01:00:00,37.0,43.674651578053485
2016-08-31 02:00:00,43.0,39.256090612802026
2016-08-31 03:00:00,39.0,38.20498439556475
2016-08-31 04:00:00,33.0,37.31963288001734
2016-08-31 05:00:00,24.0,26.087283028537314
2016-08-31 06:00:00,21.0,23.17718490610119
2016-08-31 07:00:00,18.0,17.853678184162277
2016-08-31 08:00:00,15.0,15.149528015051729
2016-08-31 09:00:00,16.0,15.441635309098274
2016-08-31 10:00:00,12.0,8.008156842911575
2016-08-31 11:00:00,11.5,10.046018470367045
2016-08-31 12:00:00,11.0,6.121874427030548
2016-08-31 13:00:00,22.0,14.03543168011997
2016-08-31 14:00:00,14.0,6.426598836894243
2016-08-31 15:00:00,3.0,6.202942501425852
2016-08-31 16:00:00,14.0,5.378347121051846
2016-08-31 17:00:00,13.0,-0.4168389503653458
2016-08-31 18:00:00,3.0,4.779422219812844
2016-08-31 19:00:00,3.0,-0.7445973083449928
2016-08-31 20:00:00,5.0,-4.992796533113236
2016-08-31 21:00:00,10.0,2.8978478883358747
2016-08-31 22:00:00,9.0,2.510778833433747
2016-08-31 23:00:00,6.0,3.4149084959639
2016-09-01 00:00:00,7.0,3.075755192023095
2016-09-01 01:00:00,8.0,0.8942370662203842
2016-09-01 02:00:00,7.0,1.8708792835107317
2016-09-01 03:00:00,3.0,-1.673589857976026
2016-09-01 04:00:00,3.0,-2.4105062386289546
2016-09-01 05:00:00,5.0,-2.6103975440118177
2016-09-01 06:00:00,3.0,-3.0756125821384614
2016-09-01 07:00:00,5.0,1.647496764465032
2016-09-01 08:00:00,13.0,5.58451751491593
2016-09-01 09:00:00,3.0,0.20704324087158454
2016-09-01 10:00:00,6.0,9.608007256513389
2016-09-01 11:00:00,5.0,-1.4256530533992162
2016-09-01 12:00:00,6.0,5.29716574459637
2016-09-01 13:00:00,6.0,3.377265267594197
2016-09-01 14:00:00,3.0,2.516070069507734
2016-09-01 15:00:00,7.0,5.570968682182539
2016-09-01 16:00:00,4.0,2.144127730669041
2016-09-01 17:00:00,3.0,5.287991116700127
2016-09-01 18:00:00,5.0,3.4007683357651644
2016-09-01 19:00:00,11.0,5.67794304074765
2016-09-01 20:00:00,11.0,6.559257268409084
2016-09-01 21:00:00,5.0,4.319676603450247
2016-09-01 22:00:00,8.0,5.11518119443204
2016-09-01 23:00:00,11.0,5.368209850102929
2016-09-02 00:00:00,9.0,8.02823216041935
2016-09-02 01:00:00,12.0,11.199104092569314
2016-09-02 02:00:00,9.0,6.541777380285012
2016-09-02 03:00:00,13.0,12.707950926839928
2016-09-02 04:00:00,15.0,9.871854605983714
2016-09-02 05:00:00,14.0,13.140451676595049
2016-09-02 06:00:00,18.0,16.337726653808787
2016-09-02 07:00:00,12.0,10.697807772649597
2016-09-02 08:00:00,14.0,15.3287616123053
2016-09-02 09:00:00,13.0,9.325837392598544
2016-09-02 10:00:00,17.0,16.04639924731788
2016-09-02 11:00:00,19.0,14.764744176791083
2016-09-02 12:00:00,16.0,14.669585198484455
2016-09-02 13:00:00,8.0,9.482343813948106
2016-09-02 14:00:00,12.0,10.056875289105037
2016-09-02 15:00:00,11.0,6.089075174867503
2016-09-02 16:00:00,7.0,8.77669166445257
2016-09-02 17:00:00,14.0,12.69914429334412
2016-09-02 18:00:00,12.0,6.748331133754178
2016-09-02 19:00:00,3.0,6.723891881077307
2016-09-02 20:00:00,5.0,6.0438492696897725
2016-09-02 21:00:00,8.0,2.5547112157023264
2016-09-02 22:00:00,11.0,10.107145800746409
2016-09-02 23:00:00,12.0,11.31992631835729
2016-09-03 00:00:00,7.0,7.276887847263339
2016-09-03 01:00:00,10.0,8.76570255445111
2016-09-03 02:00:00,9.0,5.105277783885853
2016-09-03 03:00:00,12.0,10.654222159094573
2016-09-03 04:00:00,7.0,3.965004234269145
2016-09-03 05:00:00,8.0,9.187915536668712
2016-09-03 06:00:00,13.0,8.656853014376665
2016-09-03 07:00:00,13.0,11.98519367385876
2016-09-03 08:00:00,12.0,13.413932206697496
2016-09-03 09:00:00,14.0,12.377450344241211
2016-09-03 10:00:00,13.0,10.885056362348877
2016-09-03 11:00:00,15.0,14.396806668664837
2016-09-03 12:00:00,10.0,9.305805584273813
2016-09-03 13:00:00,16.0,15.402066030752295
2016-09-03 14:00:00,13.0,9.018728313160338
2016-09-03 15:00:00,21.0,22.279522822717823
2016-09-03 16:00:00,27.0,21.055877200258465
2016-09-03 17:00:00,31.0,30.797351480687595
2016-09-03 18:00:00,27.0,28.086572156396954
2016-09-03 19:00:00,26.0,28.06520598758125
2016-09-03 20:00:00,28.0,26.264933635126653
2016-09-03 21:00:00,32.0,29.391875496492744
2016-09-03 22:00:00,39.0,35.1970400685547
2016-09-03 23:00:00,40.0,36.97283155561303
2016-09-04 00:00:00,44.0,44.46163617691988
2016-09-04 01:00:00,49.0,45.96042347478216
2016-09-04 02:00:00,54.0,52.63135482660398
2016-09-04 03:00:00,56.0,56.38919521679628
2016-09-04 04:00:00,64.0,60.93969414882322
2016-09-04 05:00:00,74.0,69.32048332697339
2016-09-04 06:00:00,106.0,93.53555495998135
2016-09-04 07:00:00,117.0,103.1446525169885
2016-09-04 08:00:00,130.0,131.10273872169853
2016-09-04 09:00:00,134.0,128.5652409587205
2016-09-04 10:00:00,143.0,141.14323833667686
2016-09-04 11:00:00,148.0,142.50794408647198
2016-09-04 12:00:00,146.0,145.39073540486237
2016-09-04 13:00:00,122.0,125.5809293447132
2016-09-04 14:00:00,84.0,93.22286501406653
2016-09-04 15:00:00,57.0,62.88654716524694
2016-09-04 16:00:00,57.0,52.161136126506975
2016-09-04 17:00:00,35.0,32.60895853932827
2016-09-04 18:00:00,28.0,36.637328307569405
2016-09-04 19:00:00,32.0,25.267943282976333
2016-09-04 20:00:00,36.0,32.32585076213721
2016-09-04 21:00:00,44.0,44.23013076067302
2016-09-04 22:00:00,108.0,88.6350799443329
2016-09-04 23:00:00,48.0,37.46817416638294
2016-09-05 00:00:00,28.0,67.47200189094961
2016-09-05 01:00:00,29.0,10.055791972348189
2016-09-05 02:00:00,29.0,23.801800793958265
2016-09-05 03:00:00,29.0,33.0586313574135
2016-09-05 04:00:00,30.0,26.702882082769946
2016-09-05 05:00:00,24.0,24.084742258486017
2016-09-05 06:00:00,31.0,30.71374856630473
2016-09-05 07:00:00,34.0,27.593488457620225
2016-09-05 08:00:00,30.0,32.059348257209066
2016-09-05 09:00:00,37.0,36.966169634075186
2016-09-05 10:00:00,43.0,36.38808572066047
2016-09-05 11:00:00,38.0,38.75676852458551
2016-09-05 12:00:00,29.0,32.31337653963361
2016-09-05 13:00:00,14.0,14.885343782598866
2016-09-05 14:00:00,3.0,5.0845118810334355
2016-09-05 15:00:00,18.0,10.62490248927213
2016-09-05 16:00:00,10.0,2.0243509364512846
2016-09-05 17:00:00,3.0,13.561673535108426
2016-09-05 18:00:00,11.0,5.880585005047536
2016-09-05 19:00:00,18.0,10.32574222429686
2016-09-05 20:00:00,33.0,34.39040102224756
2016-09-05 21:00:00,42.0,38.0557788675718
2016-09-05 22:00:00,42.0,44.546968862412626
2016-09-05 23:00:00,43.0,45.27704002488822
2016-09-06 00:00:00,41.0,41.565822786868736
2016-09-06 01:00:00,48.0,48.34637044056559
2016-09-06 02:00:00,28.0,26.667353458067623
2016-09-06 03:00:00,22.0,30.2358896557258
2016-09-06 04:00:00,15.0,9.225523342608398
2016-09-06 05:00:00,16.0,15.756774134122935
2016-09-06 06:00:00,15.0,13.711842960007786
2016-09-06 07:00:00,18.0,17.916508065442315
2016-09-06 08:00:00,18.0,16.21847858421303
2016-09-06 09:00:00,22.0,21.746094627177555
2016-09-06 10:00:00,23.0,20.678358726213474
2016-09-06 11:00:00,23.0,22.972682914595424
2016-09-06 12:00:00,13.0,12.5379345388572
2016-09-06 13:00:00,13.0,13.144704786668655
2016-09-06 14:00:00,35.0,22.163509498179025
2016-09-06 15:00:00,3.0,0.2916783344634979
2016-09-06 16:00:00,3.0,16.308361936204605
2016-09-06 17:00:00,16.0,-1.755208598056612
2016-09-06 18:00:00,18.5625,13.771870940567212
2016-09-06 19:00:00,21.125,24.31114781681751
2016-09-06 20:00:00,23.6875,20.43328452797536
2016-09-06 21:00:00,26.25,23.08647606451136
2016-09-06 22:00:00,28.8125,25.91200287061625
2016-09-06 23:00:00,31.375,27.92734480770504
2016-09-07 03:00:00,41.625,36.09113134098493
2016-09-07 04:00:00,44.1875,38.34510710825292
2016-09-07 05:00:00,46.75,47.20779734622879
2016-09-07 06:00:00,49.3125,47.84774812143043
2016-09-07 07:00:00,51.875,51.11739378125307
2016-09-07 08:00:00,54.4375,53.25283259807422
2016-09-07 09:00:00,57.0,56.44653447137466
2016-09-07 10:00:00,65.0,62.257797381105505
2016-09-07 11:00:00,57.0,58.573555083435636
2016-09-07 12:00:00,60.0,62.38480316975482
2016-09-07 13:00:00,58.333333333333336,52.247587116706924
2016-09-07 14:00:00,56.66666666666666,60.39073579489279
2016-09-07 15:00:00,55.0,54.436945036010144
2016-09-07 16:00:00,47.0,48.38872812570561
2016-09-07 17:00:00,40.0,46.26060686212601
2016-09-07 18:00:00,33.0,38.976872667440674
2016-09-07 19:00:00,26.0,33.113198007386416
2016-09-07 20:00:00,16.0,11.025626017875496
2016-09-07 21:00:00,20.0,19.51871899242984
2016-09-07 22:00:00,19.0,14.884496948936288
2016-09-07 23:00:00,20.0,22.493715953645392
2016-09-08 00:00:00,22.0,21.47182533169756
2016-09-08 01:00:00,23.0,22.327290757093422
2016-09-08 02:00:00,23.0,24.359246079689356
2016-09-08 03:00:00,25.0,25.24821846008767
2016-09-08 04:00:00,21.0,21.40192438302948
2016-09-08 05:00:00,21.0,22.627413704243537
2016-09-08 06:00:00,22.0,21.885849577673795
2016-09-08 07:00:00,20.0,22.389185982613284
2016-09-08 08:00:00,24.0,26.610757964668707
2016-09-08 09:00:00,25.0,22.646179419384154
2016-09-08 10:00:00,19.0,21.591185384248107
2016-09-08 11:00:00,20.0,21.66103001954002
2016-09-08 12:00:00,16.0,14.267999752690429
2016-09-08 13:00:00,11.0,12.593577293328423
2016-09-08 14:00:00,15.0,11.025825301697793
2016-09-08 15:00:00,6.0,1.1743892021613647
2016-09-08 16:00:00,8.0,7.797003739991055
2016-09-08 17:00:00,14.0,6.923620398245717
2016-09-08 18:00:00,14.0,13.731833789431093
2016-09-08 19:00:00,20.0,24.374226990761258
2016-09-08 20:00:00,26.0,24.69713487800773
2016-09-08 21:00:00,31.0,31.51705601529551
2016-09-08 22:00:00,34.0,35.57656173766172
2016-09-08 23:00:00,36.0,38.16372999189517
2016-09-09 00:00:00,33.0,36.74253107485198
2016-09-09 01:00:00,46.0,45.71807058756626
2016-09-09 02:00:00,29.0,28.04856232848728
2016-09-09 03:00:00,24.0,32.66416450259078
2016-09-09 04:00:00,21.0,15.36816154956027
2016-09-09 05:00:00,22.0,20.682380298897044
2016-09-09 06:00:00,21.0,22.370157010631544
2016-09-09 07:00:00,25.0,26.785782073157833
2016-09-09 08:00:00,20.0,18.597769641551466
2016-09-09 09:00:00,25.0,26.588890576622518
2016-09-09 10:00:00,25.0,21.98896035785056
2016-09-09 11:00:00,17.0,17.82247208587617
2016-09-09 12:00:00,11.0,12.733316527005996
2016-09-09 13:00:00,8.0,5.087017737333724
2016-09-09 14:00:00,9.0,6.824981601199411
2016-09-09 15:00:00,9.0,6.810960120471464
2016-09-09 16:00:00,9.0,7.598946379196647
2016-09-09 17:00:00,11.0,8.964276548437894
2016-09-09 18:00:00,10.0,8.219036171817692
2016-09-09 19:00:00,10.0,10.742280499579394
2016-09-09 20:00:00,17.0,16.179352353651183
2016-09-09 21:00:00,22.0,21.250505799120205
2016-09-09 22:00:00,27.0,29.948689924265906
2016-09-09 23:00:00,27.0,29.575868177887884
2016-09-10 00:00:00,22.0,24.00442249696522
2016-09-10 01:00:00,25.0,25.80686956745471
2016-09-10 02:00:00,18.0,15.780882721867883
2016-09-10 03:00:00,15.0,17.67776970931112
2016-09-10 04:00:00,12.0,9.29584187347973
2016-09-10 05:00:00,14.0,13.376759636648302
2016-09-10 06:00:00,17.0,14.748341754538387
2016-09-10 07:00:00,13.0,14.374672635798106
2016-09-10 08:00:00,9.0,12.163867805650426
2016-09-10 09:00:00,9.0,8.848684651618967
2016-09-10 10:00:00,11.0,9.104480414697633
2016-09-10 11:00:00,8.0,7.638164707527281
2016-09-10 12:00:00,10.0,10.239553674469775
2016-09-10 13:00:00,8.0,4.76960144371337
2016-09-10 14:00:00,7.0,7.6251248277013985
2016-09-10 15:00:00,8.0,5.8948525211718135
2016-09-10 16:00:00,10.0,7.829201110921119
2016-09-10 17:00:00,13.0,11.353081419445857
2016-09-10 18:00:00,18.0,18.663769686242844
2016-09-10 19:00:00,20.0,20.144128307665255
2016-09-10 20:00:00,20.0,21.725986465916776
2016-09-10 21:00:00,21.0,22.126045984364595
2016-09-10 22:00:00,21.0,21.53223148240093
2016-09-10 23:00:00,26.0,26.702868990311245
2016-09-11 00:00:00,54.0,52.408892320483105
2016-09-11 01:00:00,98.0,82.62655774531991
2016-09-11 02:00:00,139.0,121.71042982467291
2016-09-11 03:00:00,75.0,69.27831568361258
2016-09-11 04:00:00,19.0,55.383542310872556
2016-09-11 05:00:00,17.0,6.9333736952946765
2016-09-11 06:00:00,27.0,11.356936910613626
2016-09-11 07:00:00,32.0,32.44428286046592
2016-09-11 08:00:00,31.0,32.67726520290991
2016-09-11 09:00:00,31.0,31.673080480377152
2016-09-11 10:00:00,23.0,23.987937542735352
2016-09-11 11:00:00,20.0,23.864741870358515
2016-09-11 12:00:00,20.0,19.49202462572343
2016-09-11 13:00:00,21.0,20.14464108427353
2016-09-11 14:00:00,19.0,20.04191011764071
2016-09-11 15:00:00,23.0,23.512967732381284
2016-09-11 16:00:00,24.0,23.000728497443234
2016-09-11 17:00:00,27.0,28.072730157164074
2016-09-11 18:00:00,28.0,28.36269147574471
2016-09-11 19:00:00,23.0,27.247428246800823
2016-09-11 20:00:00,42.0,40.00574921145271
2016-09-11 21:00:00,34.0,28.359279007234207
2016-09-11 22:00:00,28.0,37.59249047229781
2016-09-11 23:00:00,23.0,22.889824724857036
2016-09-12 00:00:00,20.0,20.464263097429253
2016-09-12 01:00:00,18.0,19.032504170392443
2016-09-12 02:00:00,16.0,16.806468656542165
2016-09-12 03:00:00,17.0,17.559185350471424
2016-09-12 04:00:00,25.0,23.05714063494058
2016-09-12 05:00:00,24.0,21.98377588478583
2016-09-12 06:00:00,23.0,26.336420974516386
2016-09-12 07:00:00,25.0,25.156090552561636
2016-09-12 08:00:00,27.0,25.823540163861892
2016-09-12 09:00:00,27.0,28.052369297198922
2016-09-12 10:00:00,32.0,31.470136475376037
2016-09-12 11:00:00,32.0,29.938511177585568
2016-09-12 12:00:00,28.0,31.366460696728595
2016-09-12 13:00:00,23.0,24.973454870313844
2016-09-12 14:00:00,24.0,24.546617300288716
2016-09-12 15:00:00,25.0,26.327461389883936
2016-09-12 16:00:00,27.0,27.39663439975024
2016-09-12 17:00:00,34.0,34.18022378173656
2016-09-12 18:00:00,38.0,36.76391898900651
2016-09-12 19:00:00,38.0,40.4010671149407
2016-09-12 20:00:00,40.0,43.05435317621081
2016-09-12 21:00:00,42.0,42.711528078421125
2016-09-12 22:00:00,45.0,47.24903427964492
2016-09-12 23:00:00,59.0,55.409978610421234
2016-09-13 00:00:00,61.0,57.09101913524
2016-09-13 01:00:00,61.0,63.54262555826732
2016-09-13 02:00:00,58.0,57.74450412723435
2016-09-13 03:00:00,57.0,57.57022291102278
2016-09-13 04:00:00,59.0,57.16722925640366
2016-09-13 05:00:00,65.0,61.13446432414456
2016-09-13 06:00:00,71.0,68.71209269019796
2016-09-13 07:00:00,92.0,83.88687393120456
2016-09-13 08:00:00,110.0,97.36240171063703
2016-09-13 09:00:00,119.0,115.41291341062136
2016-09-13 10:00:00,122.0,121.93152755973229
2016-09-13 11:00:00,125.0,124.1109801978114
2016-09-13 12:00:00,129.0,126.05736804482264
2016-09-13 13:00:00,136.0,131.45273061563205
2016-09-13 14:00:00,146.0,139.68599246006312
2016-09-13 15:00:00,150.0,145.65846439731632
2016-09-13 16:00:00,96.0,104.88993519841871
2016-09-13 17:00:00,86.0,101.59786025981084
2016-09-13 18:00:00,74.0,61.5498122833351
2016-09-13 19:00:00,66.0,72.2894270436323
2016-09-13 20:00:00,69.0,70.14435798441208
2016-09-13 21:00:00,72.0,68.16941982521105
2016-09-13 22:00:00,74.0,75.42712663864556
2016-09-13 23:00:00,82.0,81.22140721878681
2016-09-14 00:00:00,92.0,87.35859382022564
2016-09-14 01:00:00,97.0,92.88796585375742
2016-09-14 02:00:00,102.0,99.08152939911604
2016-09-14 03:00:00,108.0,103.61160377194135
2016-09-14 04:00:00,137.0,126.22937234315201
2016-09-14 05:00:00,126.0,119.2073812823714
2016-09-14 06:00:00,123.0,135.21400967814037
2016-09-14 07:00:00,124.0,118.75536203407249
2016-09-14 08:00:00,142.0,133.64924256732309
2016-09-14 09:00:00,149.0,138.849018303653
2016-09-14 10:00:00,157.0,156.0236597987162
2016-09-14 11:00:00,156.0,152.87650003481826
2016-09-14 12:00:00,149.0,151.27810454537814
2016-09-14 13:00:00,90.0,100.10538829369891
2016-09-14 14:00:00,79.0,93.3400996346101
2016-09-14 15:00:00,75.0,59.86930600187263
2016-09-14 16:00:00,68.0,70.8384990020238
2016-09-14 17:00:00,75.0,76.67899854141321
2016-09-14 18:00:00,96.0,85.18454778322801
2016-09-14 19:00:00,86.0,86.47515341107326
2016-09-14 20:00:00,78.0,92.05830102201871
2016-09-14 21:00:00,55.0,55.82114158559021
2016-09-14 22:00:00,36.0,43.834672447117484
2016-09-14 23:00:00,42.0,39.86458107805737
2016-09-15 00:00:00,43.0,37.16608658893965
2016-09-15 01:00:00,44.0,47.33863809203618
2016-09-15 02:00:00,44.0,43.7607135888866
2016-09-15 03:00:00,45.0,44.790258267390016
2016-09-15 04:00:00,62.0,56.36953396040377
2016-09-15 05:00:00,58.0,53.669962420963785
2016-09-15 06:00:00,42.0,52.311030727199395
2016-09-15 07:00:00,35.0,39.98554177380849
2016-09-15 08:00:00,53.0,45.72227288681408
2016-09-15 09:00:00,68.0,56.21229582518848
2016-09-15 10:00:00,63.0,65.67241243238256
2016-09-15 11:00:00,69.0,73.57309595311376
2016-09-15 12:00:00,66.0,61.64152602739291
2016-09-15 13:00:00,48.0,54.408545092658414
2016-09-15 14:00:00,47.0,51.08950589512676
2016-09-15 15:00:00,35.0,31.810501977337168
2016-09-15 16:00:00,36.0,40.163193894620704
2016-09-15 17:00:00,62.0,56.266734008050506
2016-09-15 18:00:00,108.0,88.01046515757714
2016-09-15 19:00:00,113.0,105.40334308686205
2016-09-15 20:00:00,130.0,139.8702369778627
2016-09-15 21:00:00,149.0,135.96611688235367
2016-09-15 22:00:00,162.0,155.84024196510984
2016-09-15 23:00:00,180.0,172.1324902290786
2016-09-16 00:00:00,190.0,177.4519007009926
2016-09-16 01:00:00,184.0,182.69111285407195
2016-09-16 02:00:00,161.0,164.55538240255913
2016-09-16 03:00:00,113.0,121.87077326871658
2016-09-16 04:00:00,121.0,121.98754866997105
2016-09-16 05:00:00,152.0,120.28560052635812
2016-09-16 06:00:00,149.0,138.739650126389
2016-09-16 07:00:00,141.0,150.59522654545202
2016-09-16 08:00:00,137.0,132.80727163156945
2016-09-16 09:00:00,155.0,145.38992991110945
2016-09-16 10:00:00,173.0,157.34533176468636
2016-09-16 11:00:00,193.0,183.146330645006
2016-09-16 12:00:00,200.0,191.98294371278593
2016-09-16 13:00:00,180.0,183.6578735036905
2016-09-16 14:00:00,183.0,185.64263073608197
2016-09-16 15:00:00,159.0,151.88990594419738
2016-09-16 16:00:00,137.0,147.57974316648568
2016-09-16 17:00:00,122.0,122.058014608746
2016-09-16 18:00:00,137.0,130.42309126983332
2016-09-16 19:00:00,143.0,126.99837588291338
2016-09-16 20:00:00,37.0,58.05703930886558
2016-09-16 21:00:00,36.0,63.29404439780633
2016-09-16 22:00:00,28.0,-4.30987882542864
2016-09-16 23:00:00,55.0,58.615861968399074
2016-09-17 00:00:00,71.0,55.64648378448287
2016-09-17 01:00:00,77.0,75.21823915013975
2016-09-17 02:00:00,84.0,83.51179945388084
2016-09-17 03:00:00,76.0,75.9078129369285
2016-09-17 04:00:00,72.0,76.84879274001834
2016-09-17 05:00:00,75.0,70.63228293032053
2016-09-17 06:00:00,88.0,79.92405491684768
2016-09-17 07:00:00,70.0,69.48088642134734
2016-09-17 08:00:00,32.0,47.770401079648735
2016-09-17 09:00:00,30.0,35.75745651042429
2016-09-17 10:00:00,31.0,22.272904624425394
2016-09-17 11:00:00,34.0,37.31549076584382
2016-09-17 12:00:00,21.0,24.91917080665212
2016-09-17 13:00:00,13.0,19.67546587985437
2016-09-17 14:00:00,16.0,15.023857764352627
2016-09-17 15:00:00,21.0,19.24184364949906
2016-09-17 16:00:00,26.0,29.73712852456829
2016-09-17 17:00:00,25.0,27.373231466735206
2016-09-17 18:00:00,28.0,32.909116067069505
2016-09-17 19:00:00,31.0,31.132681790620055
2016-09-17 20:00:00,31.0,34.29052416459592
2016-09-17 21:00:00,33.0,36.31776625260878
2016-09-17 22:00:00,29.0,28.216754658469824
2016-09-17 23:00:00,32.0,31.914380089307443
2016-09-18 00:00:00,25.0,22.425388705877893
2016-09-18 01:00:00,26.0,27.335495469841717
2016-09-18 02:00:00,22.0,18.52527113283388
2016-09-18 03:00:00,19.0,19.96644791136201
2016-09-18 04:00:00,21.0,19.890178376996857
2016-09-18 05:00:00,23.0,19.53554210273532
2016-09-18 06:00:00,25.0,24.043031756030402
2016-09-18 07:00:00,21.0,21.510309776226478
2016-09-18 08:00:00,25.0,25.789728450871678
2016-09-18 09:00:00,30.0,26.195629418069927
2016-09-18 10:00:00,33.0,32.4552311452191
2016-09-18 11:00:00,27.0,29.914997366710736
2016-09-18 12:00:00,26.0,29.385712812189894
2016-09-18 13:00:00,20.0,19.959562390837817
2016-09-18 14:00:00,23.0,24.388584970804743
2016-09-18 15:00:00,20.0,17.99812397984138
2016-09-18 16:00:00,10.0,14.0791152585618
2016-09-18 17:00:00,8.0,10.757364022815622
2016-09-18 18:00:00,14.0,11.963080288187498
2016-09-18 19:00:00,16.0,14.84787894138934
2016-09-18 20:00:00,15.0,17.906493356556382
2016-09-18 21:00:00,18.0,18.717524624481143
2016-09-18 22:00:00,17.0,17.38584396732918
2016-09-18 23:00:00,18.0,18.893721449264348
2016-09-19 00:00:00,15.0,14.240996424687069
2016-09-19 01:00:00,12.0,12.847729422726047
2016-09-19 02:00:00,12.0,10.908871980143488
2016-09-19 03:00:00,11.0,10.210201504114423
2016-09-19 04:00:00,9.0,9.305459568707917
2016-09-19 05:00:00,9.0,8.615214076541847
2016-09-19 06:00:00,7.0,7.002944507439281
2016-09-19 07:00:00,5.0,6.425152452677494
2016-09-19 08:00:00,10.0,8.658161366674761
2016-09-19 09:00:00,10.0,7.679476293848708
2016-09-19 10:00:00,10.0,11.142763540919603
2016-09-19 11:00:00,5.0,5.833055103543543
2016-09-19 12:00:00,3.0,4.242410732701529
2016-09-19 13:00:00,3.0,1.9000782056044585
2016-09-19 14:00:00,3.0,2.4321610042291866
2016-09-19 15:00:00,9.0,6.2920290955392915
2016-09-19 16:00:00,10.0,5.777633968714952
2016-09-19 17:00:00,3.0,5.2042938102789975
2016-09-19 18:00:00,8.0,8.869588752602937
2016-09-19 19:00:00,14.0,10.403738054237166
2016-09-19 20:00:00,20.0,24.798209152984683
2016-09-19 21:00:00,26.0,27.87968960570437
2016-09-19 22:00:00,22.0,26.104297803925064
2016-09-19 23:00:00,21.0,27.62716017519824
2016-09-20 00:00:00,19.0,21.85240443800585
2016-09-20 01:00:00,17.0,19.766855351647095
2016-09-20 02:00:00,21.0,22.339633421074907
2016-09-20 03:00:00,13.0,12.85080231625011
2016-09-20 04:00:00,15.0,17.25726163984183
2016-09-20 05:00:00,11.0,7.390217251088714
2016-09-20 06:00:00,9.0,11.884966478593697
2016-09-20 07:00:00,18.0,17.103968151561176
2016-09-20 08:00:00,18.0,15.398350003570215
2016-09-20 09:00:00,16.0,20.736835909929397
2016-09-20 10:00:00,16.0,17.493993368032292
2016-09-20 11:00:00,17.0,16.91864589338384
2016-09-20 12:00:00,16.0,16.572751141777985
2016-09-20 13:00:00,14.0,14.18382493937959
2016-09-20 14:00:00,9.0,9.920671314282288
2016-09-20 15:00:00,13.0,12.229264862505815
2016-09-20 16:00:00,8.0,6.684704439337551
2016-09-20 17:00:00,14.0,15.539839414806792
2016-09-20 18:00:00,16.0,12.837130332061378
2016-09-20 19:00:00,23.0,25.050661390813744
2016-09-20 20:00:00,27.0,26.26546047133364
2016-09-20 21:00:00,30.0,33.99243292136077
2016-09-20 22:00:00,36.0,38.3256449901598
2016-09-20 23:00:00,42.0,41.51034140828786
2016-09-21 00:00:00,44.0,47.51741300640043
2016-09-21 01:00:00,45.0,48.83524051825404
2016-09-21 02:00:00,39.0,44.34376987641704
2016-09-21 03:00:00,54.0,57.565889126664786
2016-09-21 04:00:00,55.0,51.80180747985939
2016-09-21 05:00:00,52.0,60.42871892219411
2016-09-21 06:00:00,46.0,49.49084234143152
2016-09-21 07:00:00,51.0,52.399049053559054
2016-09-21 08:00:00,48.0,49.42044163324353
2016-09-21 09:00:00,56.0,59.7737141999843
2016-09-21 10:00:00,60.0,58.354385531844756
2016-09-21 11:00:00,73.0,73.58158736823025
2016-09-21 12:00:00,74.0,74.77042917153055
2016-09-21 13:00:00,70.0,75.70492349293211
2016-09-21 14:00:00,74.0,76.04141990340396
2016-09-21 15:00:00,93.0,87.042923718426
2016-09-21 16:00:00,90.0,86.96265114779051
2016-09-21 17:00:00,94.0,102.02285559292916
2016-09-21 18:00:00,94.0,90.88610504344358
2016-09-21 19:00:00,80.0,84.57155331962691
2016-09-21 20:00:00,72.0,75.91634935650852
2016-09-21 21:00:00,78.0,71.98722226031408
2016-09-21 22:00:00,84.0,76.79167796937135
2016-09-21 23:00:00,90.0,88.98499627745313
2016-09-22 00:00:00,101.0,97.34281329601215
2016-09-22 01:00:00,107.0,100.88242737300534
2016-09-22 02:00:00,105.0,105.01139740450101
2016-09-22 03:00:00,97.0,98.37187967185226
2016-09-22 04:00:00,95.0,94.17917136815579
2016-09-22 05:00:00,94.0,90.06592921695027
2016-09-22 06:00:00,98.0,95.08091699485546
2016-09-22 07:00:00,109.0,101.79116673940713
2016-09-22 08:00:00,97.0,95.12114134091719
2016-09-22 09:00:00,85.0,92.53854544738032
2016-09-22 10:00:00,79.0,77.56074724397784
2016-09-22 11:00:00,87.0,83.09959888002324
2016-09-22 12:00:00,98.0,90.18793091621019
2016-09-22 13:00:00,103.0,99.6899675762965
2016-09-22 14:00:00,110.0,108.15249042025762
2016-09-22 15:00:00,112.0,110.04807805178588
2016-09-22 16:00:00,120.0,117.97749853929169
2016-09-22 17:00:00,123.0,118.83901111543123
2016-09-22 18:00:00,124.0,125.63134767075933
2016-09-22 19:00:00,121.0,120.74426759787362
2016-09-22 20:00:00,121.0,120.40780003178874
2016-09-22 21:00:00,120.0,117.61203473272427
2016-09-22 22:00:00,127.0,123.36858257816122
2016-09-22 23:00:00,128.0,125.87686464235195
2016-09-23 00:00:00,120.0,119.96912742210723
2016-09-23 01:00:00,110.0,109.60024827063368
2016-09-23 02:00:00,98.0,96.49428428204253
2016-09-23 03:00:00,105.0,100.44845675445718
2016-09-23 04:00:00,112.0,100.82821122084515
2016-09-23 05:00:00,119.0,113.90021530210755
2016-09-23 06:00:00,137.0,127.43025021460262
2016-09-23 07:00:00,138.0,129.66750051095664
2016-09-23 08:00:00,137.0,140.95390649535386
2016-09-23 09:00:00,147.0,141.7739638898214
2016-09-23 10:00:00,156.0,146.5515151521534
2016-09-23 11:00:00,140.0,141.5818451900186
2016-09-23 12:00:00,127.0,133.6741643820875
2016-09-23 13:00:00,123.0,118.91895421677681
2016-09-23 14:00:00,137.0,128.96986627503128
2016-09-23 15:00:00,148.0,137.03194284731688
2016-09-23 16:00:00,152.0,148.87962096940743
2016-09-23 17:00:00,133.0,135.72929207446532
2016-09-23 18:00:00,115.0,122.7007768962337
2016-09-23 19:00:00,112.0,108.67736749770624
2016-09-23 20:00:00,127.0,116.62573444023569
2016-09-23 21:00:00,154.0,139.38150299722008
2016-09-23 22:00:00,188.0,170.94334532421362
2016-09-23 23:00:00,193.0,184.91036333512244
2016-09-24 00:00:00,193.0,199.8793401681454
2016-09-24 01:00:00,183.0,180.41001858780606
2016-09-24 02:00:00,61.0,80.21685538857894
2016-09-24 03:00:00,29.0,61.207274072860784
2016-09-24 04:00:00,24.0,-4.742527852295069
2016-09-24 05:00:00,24.0,25.990041489606696
2016-09-24 06:00:00,27.0,32.905235297707264
2016-09-24 07:00:00,26.0,24.838743738246436
2016-09-24 08:00:00,33.0,34.09080650128095
2016-09-24 09:00:00,34.0,32.49624717798555
2016-09-24 10:00:00,41.0,43.658194277322664
2016-09-24 11:00:00,63.0,55.163609192268765
2016-09-24 12:00:00,90.0,79.24489616014581
2016-09-24 13:00:00,122.0,111.59873880568183
2016-09-24 14:00:00,136.0,129.7131524603659
2016-09-24 15:00:00,158.0,157.1947922298109
2016-09-24 16:00:00,169.0,159.75577947990638
2016-09-24 17:00:00,180.0,177.387898225088
2016-09-24 18:00:00,188.0,181.98883646855063
2016-09-24 19:00:00,204.0,195.5214848083943
2016-09-24 20:00:00,228.0,213.36020138045689
2016-09-24 21:00:00,230.0,221.07217154884864
2016-09-24 22:00:00,235.0,236.2501929028125
2016-09-24 23:00:00,240.0,231.0845492876751
2016-09-25 00:00:00,236.0,231.4845534794323
2016-09-25 01:00:00,238.0,233.4834997507926
2016-09-25 02:00:00,237.0,226.4803956847938
2016-09-25 03:00:00,223.0,217.2243696905391
2016-09-25 04:00:00,209.0,205.62479134142126
2016-09-25 05:00:00,199.0,191.85005836962955
2016-09-25 06:00:00,191.0,184.47146035822772
2016-09-25 07:00:00,183.0,178.59518956029473
2016-09-25 08:00:00,161.0,160.13500859491364
2016-09-25 09:00:00,130.0,135.90950564121096
2016-09-25 10:00:00,127.0,126.79979146558485
2016-09-25 11:00:00,128.0,117.8479655875095
2016-09-25 12:00:00,129.0,128.7742333209601
2016-09-25 13:00:00,142.0,137.70203894740627
2016-09-25 14:00:00,129.0,126.012116866336
2016-09-25 15:00:00,137.0,142.5995751509961
2016-09-25 16:00:00,162.0,147.28604832410957
2016-09-25 17:00:00,168.0,159.96970075690376
2016-09-25 18:00:00,167.0,174.1240988024183
2016-09-25 19:00:00,168.0,167.18168189503996
2016-09-25 20:00:00,182.0,174.00099734268542
2016-09-25 21:00:00,137.0,139.02276214450353
2016-09-25 22:00:00,107.0,126.15264243234826
2016-09-25 23:00:00,95.0,87.05819714664507
2016-09-26 00:00:00,89.0,84.7665811472602
2016-09-26 01:00:00,78.0,79.90633647667762
2016-09-26 02:00:00,87.0,85.10187425032287
2016-09-26 03:00:00,29.0,31.664386762935706
2016-09-26 04:00:00,23.0,41.19588682714296
2016-09-26 05:00:00,24.0,2.4687247505531786
2016-09-26 06:00:00,28.0,28.905921780856218
2016-09-26 07:00:00,27.0,29.737763979584074
2016-09-26 08:00:00,31.0,31.008430224467432
2016-09-26 09:00:00,34.0,33.88147651142613
2016-09-26 10:00:00,38.0,40.42305843602851
2016-09-26 11:00:00,46.0,46.74452851297086
2016-09-26 12:00:00,48.0,49.00625863657464
2016-09-26 13:00:00,48.0,53.505036234705244
2016-09-26 14:00:00,57.0,57.395374303490854
2016-09-26 15:00:00,50.0,50.88814664080381
2016-09-26 16:00:00,61.0,66.23936655406776
2016-09-26 17:00:00,72.0,63.8401139649806
2016-09-26 18:00:00,71.0,73.23063008817967
2016-09-26 19:00:00,73.0,79.41520308906227
2016-09-26 20:00:00,85.0,81.99753267577698
2016-09-26 21:00:00,91.0,87.90754488004755
2016-09-26 22:00:00,89.0,92.89424502319757
2016-09-26 23:00:00,89.0,91.71778633249669
2016-09-27 00:00:00,87.0,86.86377972344157
2016-09-27 01:00:00,92.0,91.29187139063863
2016-09-27 02:00:00,89.0,85.67670952062944
2016-09-27 03:00:00,89.0,89.74785357268296
2016-09-27 04:00:00,72.0,70.36849141519066
2016-09-27 05:00:00,28.0,34.91538847841174
2016-09-27 06:00:00,22.0,24.93997286584917
2016-09-27 07:00:00,8.0,-3.6595432224629434
2016-09-27 08:00:00,10.0,13.230784414298526
2016-09-27 09:00:00,11.0,4.932265264121341
2016-09-27 10:00:00,3.0,2.9713645519975103
2016-09-27 11:00:00,9.0,8.234348228504572
2016-09-27 12:00:00,5.0,-0.8732329109377304
2016-09-27 13:00:00,4.0,6.358805959680126
2016-09-27 14:00:00,3.0,0.5526638970561208
2016-09-27 15:00:00,3.0,2.003146906996207
2016-09-27 16:00:00,3.5,2.9136148093429313
2016-09-27 17:00:00,4.0,3.2908882224881495
2016-09-27 18:00:00,11.0,10.19951239117988
2016-09-27 19:00:00,7.0,6.840296951382925
2016-09-27 20:00:00,13.0,15.603382428317275
2016-09-27 21:00:00,14.0,8.34686282557385
2016-09-27 22:00:00,9.0,11.145284090080693
2016-09-27 23:00:00,11.0,11.273210012785029
2016-09-28 00:00:00,11.0,7.925334812035871
2016-09-28 01:00:00,8.0,8.736883591352978
2016-09-28 02:00:00,10.0,9.082435423124522
2016-09-28 03:00:00,12.0,6.905237830205195
2016-09-28 04:00:00,11.0,9.411956609678754
2016-09-28 05:00:00,15.0,12.895444060884358
2016-09-28 06:00:00,11.0,9.032772769650222
2016-09-28 07:00:00,11.0,13.030767730602477
2016-09-28 08:00:00,9.0,6.154927241252594
2016-09-28 09:00:00,22.0,16.297424362911485
2016-09-28 10:00:00,17.333333333333332,10.65470627525184
2016-09-28 11:00:00,12.666666666666666,17.7073046996006
2016-09-28 12:00:00,8.0,6.998241567691437
2016-09-28 13:00:00,7.0,5.581404263424304
2016-09-28 14:00:00,11.0,8.41035024702687
2016-09-28 15:00:00,10.0,7.481779613886275
2016-09-28 16:00:00,11.0,11.079669654790536
2016-09-28 17:00:00,10.0,9.455225973649007
2016-09-28 18:00:00,10.0,13.30315854746867
2016-09-28 19:00:00,16.0,17.469302006919506
2016-09-28 20:00:00,24.0,24.993476715477385
2016-09-28 21:00:00,37.0,37.08922719288533
2016-09-28 22:00:00,42.0,44.17542510592891
2016-09-28 23:00:00,44.0,51.487817682338246
2016-09-29 00:00:00,43.0,49.85703408111077
2016-09-29 01:00:00,36.0,41.69020076742957
2016-09-29 02:00:00,39.0,42.56259357763655
2016-09-29 03:00:00,66.0,54.671697432095016
2016-09-29 04:00:00,71.0,58.119729963036534
2016-09-29 05:00:00,39.0,50.81596090884506
2016-09-29 06:00:00,14.0,26.64049915223015
2016-09-29 07:00:00,16.0,12.75683040476845
2016-09-29 08:00:00,18.0,11.998301194552994
2016-09-29 09:00:00,21.0,23.47336031962692
2016-09-29 10:00:00,28.0,27.75628716924983
2016-09-29 11:00:00,40.0,37.43829355244503
2016-09-29 12:00:00,52.0,48.38041422041135
2016-09-29 13:00:00,55.0,52.6080021341413
2016-09-29 14:00:00,57.0,58.15396519150566
2016-09-29 15:00:00,54.0,54.411202528216336
2016-09-29 16:00:00,61.0,59.48538013019272
2016-09-29 17:00:00,75.0,66.55238049636789
2016-09-29 18:00:00,87.0,79.83011286577671
2016-09-29 19:00:00,82.0,83.62891752507683
2016-09-29 20:00:00,81.0,87.78780577212932
2016-09-29 21:00:00,86.0,84.20151309515161
2016-09-29 22:00:00,84.0,83.62137892515072
2016-09-29 23:00:00,94.0,100.55873523444778
2016-09-30 00:00:00,112.0,106.66362584795918
2016-09-30 01:00:00,99.0,97.8485074163443
2016-09-30 02:00:00,73.0,85.03459337076522
2016-09-30 03:00:00,71.0,70.51201759375176
2016-09-30 04:00:00,73.0,64.85198340435262
2016-09-30 05:00:00,77.0,76.91802173315837
2016-09-30 06:00:00,75.0,74.67826835806737
2016-09-30 07:00:00,70.0,71.30636001581802
2016-09-30 08:00:00,77.0,74.77098266480523
2016-09-30 09:00:00,89.0,81.1928377568426
2016-09-30 10:00:00,94.0,91.363713208488
2016-09-30 11:00:00,92.0,93.84271035976916
2016-09-30 12:00:00,97.0,95.78451319357892
2016-09-30 13:00:00,104.0,97.22648081306563
2016-09-30 14:00:00,107.0,104.85373392341948
2016-09-30 15:00:00,108.0,109.26880659298043
2016-09-30 16:00:00,110.0,109.05967963839403
2016-09-30 17:00:00,108.0,107.61227433961757
2016-09-30 18:00:00,121.0,118.58038312583027
2016-09-30 19:00:00,130.0,123.38335762004571
2016-09-30 20:00:00,141.0,140.57388675355833
2016-09-30 21:00:00,130.0,132.94629245026516
2016-09-30 22:00:00,130.0,137.2126755738787
2016-09-30 23:00:00,127.0,124.05236235496669
2016-10-01 00:00:00,133.0,131.5837778788761
2016-10-01 01:00:00,126.0,124.10790578357411
2016-10-01 02:00:00,149.0,148.14170927764405
2016-10-01 03:00:00,165.0,146.1551222583368
2016-10-01 04:00:00,159.0,159.42141503398744
2016-10-01 05:00:00,159.0,161.46735229832217
2016-10-01 06:00:00,157.0,152.1030818277718
2016-10-01 07:00:00,158.0,156.4996062376964
2016-10-01 08:00:00,166.0,159.7911872946534
2016-10-01 09:00:00,184.0,172.591399986561
2016-10-01 10:00:00,186.0,177.6658904063741
2016-10-01 11:00:00,186.0,188.62012903378286
2016-10-01 12:00:00,200.0,193.19482159979856
2016-10-01 13:00:00,218.0,204.1100275290283
2016-10-01 14:00:00,170.0,174.27510347918258
2016-10-01 15:00:00,153.0,168.61952478888446
2016-10-01 16:00:00,150.0,133.93310400569948
2016-10-01 17:00:00,148.0,144.32146478449926
2016-10-01 18:00:00,142.0,144.27840005377828
2016-10-01 19:00:00,151.0,146.21562170731573
2016-10-01 20:00:00,150.0,141.80771422427068
2016-10-01 21:00:00,159.0,160.39926757833092
2016-10-01 22:00:00,173.0,165.90901525574594
2016-10-01 23:00:00,197.0,187.03462310211222
2016-10-02 00:00:00,212.0,201.07701017673736
2016-10-02 01:00:00,211.0,208.9937421516113
2016-10-02 02:00:00,205.0,204.71027520462542
2016-10-02 03:00:00,189.0,185.84023321894648
2016-10-02 04:00:00,180.0,178.23733453193097
2016-10-02 05:00:00,155.0,151.6517603710314
2016-10-02 06:00:00,160.0,158.64856713573533
2016-10-02 07:00:00,178.0,158.25246727709913
2016-10-02 08:00:00,202.0,186.09324450438896
2016-10-02 09:00:00,185.0,181.89306416859574
2016-10-02 10:00:00,172.0,181.71327204594212
2016-10-02 11:00:00,180.0,170.8912019802841
2016-10-02 12:00:00,183.0,171.57395156090155
2016-10-02 13:00:00,168.0,169.5672915607688
2016-10-02 14:00:00,170.0,169.40276280075977
2016-10-02 15:00:00,170.0,159.47720765320264
2016-10-02 16:00:00,160.0,160.09512624258952
2016-10-02 17:00:00,167.0,165.2727608777505
2016-10-02 18:00:00,187.0,172.42196908641313
2016-10-02 19:00:00,202.0,189.5063795571071
2016-10-02 20:00:00,235.0,223.01192847260523
2016-10-02 21:00:00,247.0,229.87793732581508
2016-10-02 22:00:00,260.0,256.7304681764996
2016-10-02 23:00:00,172.0,179.92249585114985
2016-10-03 00:00:00,100.0,135.03607200979525
2016-10-03 01:00:00,89.0,77.69571845391933
2016-10-03 02:00:00,89.0,73.51851753299788
2016-10-03 03:00:00,87.0,90.79707574051157
2016-10-03 04:00:00,92.0,89.40287349286807
2016-10-03 05:00:00,180.0,145.58031203538764
2016-10-03 06:00:00,168.0,137.17181677185107
2016-10-03 07:00:00,143.0,180.47651353063623
2016-10-03 08:00:00,135.0,133.01908556582987
2016-10-03 09:00:00,116.0,112.1265034575578
2016-10-03 10:00:00,141.0,138.11907237858043
2016-10-03 11:00:00,162.0,136.5474355700905
2016-10-03 12:00:00,160.0,158.36903726386856
2016-10-03 13:00:00,142.0,149.06614980356596
2016-10-03 14:00:00,120.0,123.6547702168291
2016-10-03 15:00:00,82.0,87.2164247216049
2016-10-03 16:00:00,50.0,59.85355203229172
2016-10-03 17:00:00,61.0,58.17806447143825
2016-10-03 18:00:00,80.0,64.61950537763322
2016-10-03 19:00:00,116.0,108.18212943379122
2016-10-03 20:00:00,115.0,112.54185517695582
2016-10-03 21:00:00,117.0,133.06785483187826
2016-10-03 22:00:00,144.0,136.5939270312179
2016-10-03 23:00:00,185.0,163.31895554870698
2016-10-04 00:00:00,132.0,132.3743001663413
2016-10-04 01:00:00,28.0,68.79542331129859
2016-10-04 02:00:00,19.0,27.839088818451927
2016-10-04 03:00:00,26.0,-3.373241774623594
2016-10-04 04:00:00,25.0,30.470250728949196
2016-10-04 05:00:00,16.0,23.45321400686231
2016-10-04 06:00:00,21.0,19.877647641333738
2016-10-04 07:00:00,19.0,16.010248880024946
2016-10-04 08:00:00,24.0,26.209814125978966
2016-10-04 09:00:00,25.0,22.346939488084885
2016-10-04 10:00:00,28.0,30.10548697299751
2016-10-04 11:00:00,28.0,28.546854006213493
2016-10-04 12:00:00,19.0,25.893274425998612
2016-10-04 13:00:00,32.0,35.12325548739112
2016-10-04 14:00:00,33.0,28.818027983762832
2016-10-04 15:00:00,41.0,46.20593047932299
2016-10-04 16:00:00,39.0,37.75755378855057
2016-10-04 17:00:00,44.0,47.2765497947282
2016-10-04 18:00:00,44.0,43.087673835910024
2016-10-04 19:00:00,41.0,45.32615016862387
2016-10-04 20:00:00,42.0,43.014280690858
2016-10-04 21:00:00,42.0,40.59126036764023
2016-10-04 22:00:00,37.0,38.40568741549947
2016-10-04 23:00:00,29.0,31.190779649897564
2016-10-05 00:00:00,27.0,27.792937841486363
2016-10-05 01:00:00,20.0,19.084930082289418
2016-10-05 02:00:00,18.0,20.194511286216
2016-10-05 03:00:00,20.0,18.071051694114374
2016-10-05 04:00:00,24.0,21.851305328649573
2016-10-05 05:00:00,48.0,39.46633173877555
2016-10-05 06:00:00,57.0,46.116664739055906
2016-10-05 07:00:00,50.0,57.36740983810208
2016-10-05 08:00:00,53.0,56.90859080493857
2016-10-05 09:00:00,49.0,45.78334858099038
2016-10-05 10:00:00,44.0,48.738921175562055
2016-10-05 11:00:00,59.0,54.365727225869904
2016-10-05 12:00:00,60.0,51.717069617558536
2016-10-05 13:00:00,60.0,65.33115168878352
2016-10-05 14:00:00,62.0,61.25513305081746
2016-10-05 15:00:00,66.0,63.60091554657386
2016-10-05 16:00:00,61.0,61.98889668433311
2016-10-05 17:00:00,63.0,65.65505218865731
2016-10-05 18:00:00,64.0,61.88948391609706
2016-10-05 19:00:00,73.0,72.03539259159832
2016-10-05 20:00:00,85.0,80.46900629948799
2016-10-05 21:00:00,88.0,88.69156004356931
2016-10-05 22:00:00,91.0,95.42759373765473
2016-10-05 23:00:00,96.0,94.85416568074994
2016-10-06 00:00:00,94.0,94.89020632865122
2016-10-06 01:00:00,90.0,90.97634361979685
2016-10-06 02:00:00,81.0,80.23554776976171
2016-10-06 03:00:00,82.0,80.89067792268465
2016-10-06 04:00:00,91.0,83.69312792852814
2016-10-06 05:00:00,92.0,87.58593572634261
2016-10-06 06:00:00,95.0,98.52130398570544
2016-10-06 07:00:00,94.0,96.1728656893387
2016-10-06 08:00:00,89.0,94.35375969176168
2016-10-06 09:00:00,83.0,88.11031825515813
2016-10-06 10:00:00,71.0,75.91194546854241
2016-10-06 11:00:00,64.0,69.44117086726071
2016-10-06 12:00:00,63.0,64.6870900242099
2016-10-06 13:00:00,57.0,59.846984133258516
2016-10-06 14:00:00,50.0,55.748558300213375
2016-10-06 15:00:00,51.0,52.59356471214204
2016-10-06 16:00:00,48.0,49.03027918045885
2016-10-06 17:00:00,52.0,54.54502436660755
2016-10-06 18:00:00,62.0,57.9495510285348
2016-10-06 19:00:00,68.0,63.006012424175495
2016-10-06 20:00:00,73.0,75.73175957439283
2016-10-06 21:00:00,65.0,68.50353205423194
2016-10-06 22:00:00,44.0,49.284709154113315
2016-10-06 23:00:00,42.0,42.91391721045396
2016-10-07 00:00:00,43.0,34.71022810593007
2016-10-07 01:00:00,47.0,44.78832579577089
2016-10-07 02:00:00,45.0,43.04935169837729
2016-10-07 03:00:00,40.0,41.59193600457803
2016-10-07 04:00:00,42.0,41.847290096233706
2016-10-07 05:00:00,40.0,38.747224882229276
2016-10-07 06:00:00,39.0,42.104737587744395
2016-10-07 07:00:00,41.0,41.5244445798174
2016-10-07 08:00:00,39.0,39.898138710253434
2016-10-07 09:00:00,39.0,43.39951247890157
2016-10-07 10:00:00,41.0,42.789251419813425
2016-10-07 11:00:00,42.0,44.29027916711405
2016-10-07 12:00:00,40.0,44.82793186277172
2016-10-07 13:00:00,40.0,44.41341370658584
2016-10-07 14:00:00,43.0,46.2171917001444
2016-10-07 15:00:00,43.0,46.92018285323665
2016-10-07 16:00:00,45.0,50.195086863780844
2016-10-07 17:00:00,47.0,49.82038181873327
2016-10-07 18:00:00,51.0,53.03378675765913
2016-10-07 19:00:00,50.0,53.12413313906896
2016-10-07 20:00:00,55.0,57.40664576498621
2016-10-07 21:00:00,44.0,44.81324029531214
2016-10-07 22:00:00,26.0,33.49670318161323
2016-10-07 23:00:00,7.0,5.880789070432101
2016-10-08 00:00:00,3.0,-0.7331291359639209
2016-10-08 01:00:00,4.0,-4.337975838049147
2016-10-08 02:00:00,7.0,1.1872627951759256
2016-10-08 03:00:00,3.0,-1.044947580680713
2016-10-08 04:00:00,5.0,1.7455146428820143
2016-10-08 05:00:00,3.0,-1.958609083064502
2016-10-08 06:00:00,7.0,4.0975034204785175
2016-10-08 07:00:00,8.0,3.99257116548074
2016-10-08 08:00:00,10.0,7.2384397565422915
2016-10-08 09:00:00,10.0,6.190800110999518
2016-10-08 10:00:00,4.0,3.618894668002767
2016-10-08 11:00:00,19.0,13.709959597531352
2016-10-08 12:00:00,15.0,5.948177167572254
2016-10-08 13:00:00,7.0,12.648031131601158
2016-10-08 14:00:00,20.0,13.599898859637776
2016-10-08 15:00:00,9.0,2.1554212251895137
2016-10-08 16:00:00,6.0,12.962518751067066
2016-10-08 17:00:00,8.0,2.620268458838126
2016-10-08 18:00:00,20.0,13.7466964171889
2016-10-08 19:00:00,13.0,14.471048838111471
2016-10-08 20:00:00,20.0,25.748700189822074
2016-10-08 21:00:00,19.0,15.359676629890345
2016-10-08 22:00:00,23.0,28.77478495283114
2016-10-08 23:00:00,21.0,22.542190070149886
2016-10-09 00:00:00,26.0,30.748526417503044
2016-10-09 01:00:00,27.0,27.71159430318174
2016-10-09 02:00:00,30.0,33.2175225196392
2016-10-09 03:00:00,39.0,38.70593200832214
2016-10-09 04:00:00,43.0,41.6090315903286
2016-10-09 05:00:00,37.0,42.01447666957138
2016-10-09 06:00:00,31.0,36.61996418699307
2016-10-09 07:00:00,27.0,26.617746978298484
2016-10-09 08:00:00,17.0,17.99944838970127
2016-10-09 09:00:00,13.0,16.12881372762955
2016-10-09 10:00:00,15.0,13.047099510840866
2016-10-09 11:00:00,20.0,21.100856494313263
2016-10-09 12:00:00,29.0,28.643136261335258
2016-10-09 13:00:00,52.0,44.816197874285095
2016-10-09 14:00:00,26.0,26.93591738437526
2016-10-09 15:00:00,25.0,37.606138891118135
2016-10-09 16:00:00,22.0,10.802698427935226
2016-10-09 17:00:00,20.0,21.554773845178516
2016-10-09 18:00:00,25.0,25.465454896204506
2016-10-09 19:00:00,35.0,30.81422845295124
2016-10-09 20:00:00,38.0,37.46578550432733
2016-10-09 21:00:00,40.0,44.62479022113024
2016-10-09 22:00:00,45.0,46.839762326045104
2016-10-09 23:00:00,48.0,47.14782006842097
2016-10-10 00:00:00,52.0,54.05736039927275
2016-10-10 01:00:00,55.0,57.54493619870365
2016-10-10 02:00:00,66.0,66.4682563806197
2016-10-10 03:00:00,57.0,58.01074712676059
2016-10-10 04:00:00,59.0,66.28886965979324
2016-10-10 05:00:00,52.0,48.58900029908334
2016-10-10 06:00:00,49.0,53.194447952052144
2016-10-10 07:00:00,53.0,51.586798263393604
2016-10-10 08:00:00,53.66666666666666,46.967448724497515
2016-10-10 09:00:00,54.333333333333336,56.38704646062567
2016-10-10 10:00:00,55.0,55.43337047578976
2016-10-10 11:00:00,71.0,67.41026902012344
2016-10-10 12:00:00,82.0,74.20915776757003
2016-10-10 13:00:00,93.0,92.74150204624355
2016-10-10 14:00:00,107.0,103.56787724402771
2016-10-10 15:00:00,115.0,112.93698592009925
2016-10-10 16:00:00,125.0,125.44963591017513
2016-10-10 17:00:00,130.0,126.78700873165921
2016-10-10 18:00:00,118.0,123.26257658317827
2016-10-10 19:00:00,123.0,128.0160184173085
2016-10-10 20:00:00,133.0,125.89269839350702
2016-10-10 21:00:00,135.0,133.65578682476917
2016-10-10 22:00:00,153.0,155.4801481884598
2016-10-10 23:00:00,147.0,140.05224424669439
2016-10-11 00:00:00,131.0,141.12333786917412
2016-10-11 01:00:00,128.0,127.58255764242749
2016-10-11 02:00:00,126.0,118.96634332535596
2016-10-11 03:00:00,125.0,122.72115960741924
2016-10-11 04:00:00,127.0,123.4283242194354
2016-10-11 05:00:00,123.0,119.67091684584072
2016-10-11 06:00:00,122.0,121.40400193615027
2016-10-11 07:00:00,125.0,120.16090164943016
2016-10-11 08:00:00,130.0,124.79188061780921
2016-10-11 09:00:00,130.0,126.93428787062832
2016-10-11 10:00:00,114.0,115.64343994544912
2016-10-11 11:00:00,65.0,76.00390484361965
2016-10-11 12:00:00,136.0,127.11861765391207
2016-10-11 13:00:00,151.0,103.01505684030003
2016-10-11 14:00:00,152.0,175.72860073946367
2016-10-11 15:00:00,155.0,158.34216974084705
2016-10-11 16:00:00,148.0,147.41260327559513
2016-10-11 17:00:00,112.0,122.33396832374355
2016-10-11 18:00:00,104.0,114.34909906071285
2016-10-11 19:00:00,110.0,99.66458709531342
2016-10-11 20:00:00,86.0,88.26301798568953
2016-10-11 21:00:00,72.0,83.54631011654037
2016-10-11 22:00:00,51.0,50.80834923937296
2016-10-11 23:00:00,51.0,53.55744336161658
2016-10-12 00:00:00,47.0,43.28299536300938
2016-10-12 01:00:00,49.0,51.93333501634247
2016-10-12 02:00:00,54.0,50.68286035624243
2016-10-12 03:00:00,47.0,46.070822023591916
2016-10-12 04:00:00,47.0,49.83110136625554
2016-10-12 05:00:00,49.0,46.25184601702871
2016-10-12 06:00:00,54.0,52.94006919890546
2016-10-12 07:00:00,61.0,59.3663155747942
2016-10-12 08:00:00,59.0,60.30599113831671
2016-10-12 09:00:00,60.0,66.03060093565297
2016-10-12 10:00:00,65.0,64.23170780525048
2016-10-12 11:00:00,73.0,71.76977739623113
2016-10-12 12:00:00,76.0,76.6288371066998
2016-10-12 13:00:00,87.0,86.54852991301338
2016-10-12 14:00:00,96.0,92.54932728021014
2016-10-12 15:00:00,97.0,96.92694625037915
2016-10-12 16:00:00,97.0,97.92108776804109
2016-10-12 17:00:00,87.0,87.17771018975937
2016-10-12 18:00:00,82.0,85.42545594409349
2016-10-12 19:00:00,88.0,84.85225824717263
2016-10-12 20:00:00,100.0,92.55942135488668
2016-10-12 21:00:00,110.0,104.13164462523609
2016-10-12 22:00:00,120.0,120.3348451914937
2016-10-12 23:00:00,121.0,121.10188613770553
2016-10-13 00:00:00,118.0,122.68631860518043
2016-10-13 01:00:00,120.0,121.20203419052184
2016-10-13 02:00:00,120.0,117.43018658649835
2016-10-13 03:00:00,117.0,117.19531946774846
2016-10-13 04:00:00,111.0,111.72553238873193
2016-10-13 05:00:00,108.0,107.16427266685973
2016-10-13 06:00:00,110.0,107.56114666358324
2016-10-13 07:00:00,106.0,105.47237995070567
2016-10-13 08:00:00,108.0,110.72328091085676
2016-10-13 09:00:00,125.0,116.7201970394792
2016-10-13 10:00:00,139.0,127.68607730266858
2016-10-13 11:00:00,146.0,143.60565774830042
2016-10-13 12:00:00,163.0,158.64476931729746
2016-10-13 13:00:00,167.0,159.4506830048303
2016-10-13 14:00:00,174.0,174.71409444269148
2016-10-13 15:00:00,181.0,174.67339797657905
2016-10-13 16:00:00,178.0,176.08233285120923
2016-10-13 17:00:00,182.0,183.5610262023884
2016-10-13 18:00:00,192.0,182.88782522153986
2016-10-13 19:00:00,216.0,202.88294396091328
2016-10-13 20:00:00,236.0,219.8737498755549
2016-10-13 21:00:00,248.0,240.38523462624175
2016-10-13 22:00:00,259.0,254.4878211633723
2016-10-13 23:00:00,248.0,245.70549682678256
2016-10-14 00:00:00,225.0,232.20252046968068
2016-10-14 01:00:00,211.0,215.50041617327952
2016-10-14 02:00:00,219.0,209.63609857497494
2016-10-14 03:00:00,208.0,200.10086491141556
2016-10-14 04:00:00,210.0,211.07871582113285
2016-10-14 05:00:00,206.0,196.93681266604904
2016-10-14 06:00:00,200.0,198.42943410565363
2016-10-14 07:00:00,177.0,178.9293724803747
2016-10-14 08:00:00,168.0,171.96058348339733
2016-10-14 09:00:00,193.0,180.0596976695465
2016-10-14 10:00:00,212.0,192.44086767710547
2016-10-14 11:00:00,232.0,225.78244470618273
2016-10-14 12:00:00,243.0,234.2924446495182
2016-10-14 13:00:00,276.0,263.8899857783149
2016-10-14 14:00:00,317.0,290.9556955688564
2016-10-14 15:00:00,346.0,328.6881871593533
2016-10-14 16:00:00,279.0,289.2588084077569
2016-10-14 17:00:00,214.0,245.83806424296904
2016-10-14 18:00:00,227.0,217.98277713091807
2016-10-14 19:00:00,320.0,265.2297515325991
2016-10-14 20:00:00,305.0,280.0168866322199
2016-10-14 21:00:00,263.0,302.931899399309
2016-10-14 22:00:00,258.0,256.2257839625365
2016-10-14 23:00:00,259.0,245.03656710674517
2016-10-15 00:00:00,268.0,266.3876993358208
2016-10-15 01:00:00,285.0,272.3210843572496
2016-10-15 02:00:00,281.0,272.09680589361466
2016-10-15 03:00:00,271.0,273.5519643399566
2016-10-15 04:00:00,251.0,249.02537621944595
2016-10-15 05:00:00,220.0,223.31354767715118
2016-10-15 06:00:00,211.0,211.99024961352012
2016-10-15 07:00:00,184.5,180.68259139411828
2016-10-15 08:00:00,158.0,168.3475429400774
2016-10-15 09:00:00,159.0,158.05765472387725
2016-10-15 10:00:00,176.0,163.75086736206737
2016-10-15 11:00:00,185.0,179.83117651745272
2016-10-15 12:00:00,194.0,194.87455182276688
2016-10-15 13:00:00,187.5,188.73068080067077
2016-10-15 14:00:00,181.0,187.20654187848538
2016-10-15 15:00:00,178.0,178.34868565195387
2016-10-15 16:00:00,182.0,179.84758252111914
2016-10-15 17:00:00,175.0,175.75776981736163
2016-10-15 18:00:00,162.0,172.17791412195902
2016-10-15 19:00:00,179.0,175.7916229099214
2016-10-15 20:00:00,174.0,164.98636811597243
2016-10-15 21:00:00,158.0,170.1010167024396
2016-10-15 22:00:00,169.0,167.40370057626768
2016-10-15 23:00:00,171.0,158.7260446085835
2016-10-16 00:00:00,177.0,177.3522739207737
2016-10-16 01:00:00,158.0,156.13914696688755
2016-10-16 02:00:00,130.0,138.36429768587237
2016-10-16 03:00:00,129.0,126.87979588955851
2016-10-16 04:00:00,116.0,108.12298121503166
2016-10-16 05:00:00,112.0,116.85188941061672
2016-10-16 06:00:00,105.0,102.09104370930011
2016-10-16 07:00:00,101.0,102.08948079054063
2016-10-16 08:00:00,108.0,105.57310732390901
2016-10-16 09:00:00,111.0,105.90898693789761
2016-10-16 10:00:00,116.0,115.24334596904437
2016-10-16 11:00:00,127.0,121.40233607521502
2016-10-16 12:00:00,128.0,122.94456195620886
2016-10-16 13:00:00,113.0,117.53905272849197
2016-10-16 14:00:00,105.0,108.25708814798507
2016-10-16 15:00:00,84.0,83.6670203591424
2016-10-16 16:00:00,75.0,79.41281977751537
2016-10-16 17:00:00,74.0,69.45982541268502
2016-10-16 18:00:00,77.0,75.38979242601202
2016-10-16 19:00:00,85.0,82.61611128443066
2016-10-16 20:00:00,95.0,89.34332982933962
2016-10-16 21:00:00,114.0,107.37143633663565
2016-10-16 22:00:00,131.0,121.59359021784591
2016-10-16 23:00:00,130.0,128.49287212611483
2016-10-17 00:00:00,137.0,138.67772621927878
2016-10-17 01:00:00,130.0,125.88445263557189
2016-10-17 02:00:00,122.0,125.15680456712657
2016-10-17 03:00:00,111.0,108.98436679553599
2016-10-17 04:00:00,102.0,100.82321872694699
2016-10-17 05:00:00,67.0,70.25689366276377
2016-10-17 06:00:00,74.0,77.85640059459995
2016-10-17 07:00:00,78.0,62.80795513541632
2016-10-17 08:00:00,71.0,75.1594143763911
2016-10-17 09:00:00,78.0,78.13347675761831
2016-10-17 10:00:00,51.5,48.906638451617695
2016-10-17 11:00:00,25.0,38.58010367073908
2016-10-17 12:00:00,25.0,22.066773128779857
2016-10-17 13:00:00,36.0,24.203034922803027
2016-10-17 14:00:00,32.0,30.56696464885961
2016-10-17 15:00:00,33.0,36.65607848777421
2016-10-17 16:00:00,34.0,33.64868663020739
2016-10-17 17:00:00,43.0,42.06443649716523
2016-10-17 18:00:00,43.0,40.493248533992656
2016-10-17 19:00:00,50.0,55.2862654691655
2016-10-17 20:00:00,54.0,53.28899327464971
2016-10-17 21:00:00,69.0,71.75165466113206
2016-10-17 22:00:00,99.0,92.68293585089457
2016-10-17 23:00:00,110.0,101.42496440192566
2016-10-18 00:00:00,109.0,115.16244593288714
2016-10-18 01:00:00,112.0,113.68533182581909
2016-10-18 02:00:00,104.0,102.53670132750294
2016-10-18 03:00:00,88.0,92.24535269055154
2016-10-18 04:00:00,69.0,71.60657500267554
2016-10-18 05:00:00,45.0,48.27253020628861
2016-10-18 06:00:00,69.0,65.73128207349295
2016-10-18 07:00:00,65.0,51.90154770671565
2016-10-18 08:00:00,69.0,82.3557247492714
2016-10-18 09:00:00,67.0,66.83346125132094
2016-10-18 10:00:00,69.0,77.05050700608963
2016-10-18 11:00:00,89.0,87.54349622592427
2016-10-18 12:00:00,101.0,97.39308684574071
2016-10-18 13:00:00,121.0,122.0713843373198
2016-10-18 14:00:00,139.0,132.9609757050098
2016-10-18 15:00:00,140.0,143.26414891058744
2016-10-18 16:00:00,146.0,153.53726920837056
2016-10-18 17:00:00,145.0,147.23831670761848
2016-10-18 18:00:00,158.0,159.74771013065953
2016-10-18 19:00:00,164.0,160.72719386185258
2016-10-18 20:00:00,169.0,172.55675018800827
2016-10-18 21:00:00,171.0,172.24919258563256
2016-10-18 22:00:00,169.0,171.33936631502962
2016-10-18 23:00:00,190.0,184.5077315862847
2016-10-19 00:00:00,192.0,179.16145915905452
2016-10-19 01:00:00,188.0,192.31131822138872
2016-10-19 02:00:00,191.0,187.5777329569937
2016-10-19 03:00:00,204.0,192.01561591123863
2016-10-19 04:00:00,202.0,194.349211566112
2016-10-19 05:00:00,187.0,190.5659256538566
2016-10-19 06:00:00,177.0,178.93930883521745
2016-10-19 07:00:00,159.0,158.74220539818003
2016-10-19 08:00:00,164.0,166.55326244451942
2016-10-19 09:00:00,197.0,178.2010531647207
2016-10-19 10:00:00,221.0,201.21016699165602
2016-10-19 11:00:00,235.0,230.85509698598617
2016-10-19 12:00:00,237.0,235.62510785046697
2016-10-19 13:00:00,242.0,241.18707696636505
2016-10-19 14:00:00,271.0,257.4445353938772
2016-10-19 15:00:00,304.0,281.2331063086017
2016-10-19 16:00:00,310.0,298.8915199180566
2016-10-19 17:00:00,305.0,308.7911224022671
2016-10-19 18:00:00,291.0,290.09120874586284
2016-10-19 19:00:00,279.0,278.044331460223
2016-10-19 20:00:00,263.0,259.9210280543261
2016-10-19 21:00:00,241.0,242.490028824644
2016-10-19 22:00:00,229.0,229.85387831861811
2016-10-19 23:00:00,235.0,227.31295320165833
2016-10-20 00:00:00,239.0,229.88869985098148
2016-10-20 01:00:00,228.0,228.54806169361893
2016-10-20 02:00:00,243.0,238.74112214169588
2016-10-20 03:00:00,266.0,243.25377231445958
2016-10-20 04:00:00,254.0,248.640627392944
2016-10-20 05:00:00,244.0,248.46586288174956
2016-10-20 06:00:00,124.0,136.46766311802105
2016-10-20 07:00:00,55.0,94.86671640389697
2016-10-20 08:00:00,45.0,28.790091038664784
2016-10-20 09:00:00,43.0,36.379810979135826
2016-10-20 10:00:00,16.0,33.95007989129907
2016-10-20 11:00:00,32.0,40.65764038180508
2016-10-20 12:00:00,30.0,23.023168291049686
2016-10-20 13:00:00,27.0,42.86674027467484
2016-10-20 14:00:00,29.0,36.09509842686141
2016-10-20 15:00:00,43.0,41.061101158434354
2016-10-20 16:00:00,37.0,43.12132471148878
2016-10-20 17:00:00,35.0,48.14029740016042
2016-10-20 18:00:00,46.0,47.21520187089236
2016-10-20 19:00:00,45.0,42.75929687820951
2016-10-20 20:00:00,43.0,49.766772549893716
2016-10-20 21:00:00,44.0,44.87280416211058
2016-10-20 22:00:00,43.0,43.254514752373794
2016-10-20 23:00:00,40.0,41.146001463348696
2016-10-21 00:00:00,38.0,38.08269788203965
2016-10-21 01:00:00,39.0,37.58217095868453
2016-10-21 02:00:00,39.0,37.094253002553344
2016-10-21 03:00:00,39.0,38.2029373752127
2016-10-21 04:00:00,46.0,41.58404009917203
2016-10-21 05:00:00,46.0,40.87595026346527
2016-10-21 06:00:00,47.0,46.717539073076324
2016-10-21 07:00:00,39.0,38.331577656255504
2016-10-21 08:00:00,33.0,37.032921362564906
2016-10-21 09:00:00,43.0,39.1314147107901
2016-10-21 10:00:00,62.0,50.57648184041112
2016-10-21 11:00:00,61.0,58.15743985090258
2016-10-21 12:00:00,60.0,67.79567826833049
2016-10-21 13:00:00,63.0,62.43264208888162
2016-10-21 14:00:00,68.0,66.45772695756811
2016-10-21 15:00:00,59.0,62.219984780117315
2016-10-21 16:00:00,51.0,57.28246306584603
2016-10-21 17:00:00,40.0,42.46545443338145
2016-10-21 18:00:00,38.0,40.4629593732749
2016-10-21 19:00:00,45.0,40.685022877510505
2016-10-21 20:00:00,50.0,45.134744132026
2016-10-21 21:00:00,33.0,36.751703333205654
2016-10-21 22:00:00,35.0,39.86423720870083
2016-10-21 23:00:00,39.0,30.706282281749566
2016-10-22 00:00:00,41.0,40.69973227114025
2016-10-22 01:00:00,42.0,42.13655923866449
2016-10-22 02:00:00,38.0,37.58149982812205
2016-10-22 03:00:00,29.0,31.092029534508697
2016-10-22 04:00:00,20.0,21.77668629364281
2016-10-22 05:00:00,15.0,14.38493539343311
2016-10-22 06:00:00,21.0,17.248336528411997
2016-10-22 07:00:00,12.0,10.066015138193649
2016-10-22 08:00:00,15.0,17.553674443442546
2016-10-22 09:00:00,13.0,7.353449603581936
2016-10-22 10:00:00,3.0,6.010579327405182
2016-10-22 11:00:00,3.0,4.033974177199681
2016-10-22 12:00:00,3.0,-0.876964900978308
2016-10-22 13:00:00,7.0,6.2142010940857375
2016-10-22 14:00:00,8.0,5.3761055200743755
2016-10-22 15:00:00,3.0,4.517238842566101
2016-10-22 16:00:00,10.0,9.066545121590394
2016-10-22 17:00:00,8.0,4.15267073354309
2016-10-22 18:00:00,7.0,10.88365852836003
2016-10-22 19:00:00,11.0,9.36589388530004
2016-10-22 20:00:00,12.0,8.945018706717605
2016-10-22 21:00:00,12.0,13.63094724012781
2016-10-22 22:00:00,21.0,18.00592765917814
2016-10-22 23:00:00,20.0,15.213584801420808
2016-10-23 00:00:00,14.0,17.951593845511553
2016-10-23 01:00:00,22.0,21.25321018413527
2016-10-23 02:00:00,29.0,22.91441260419272
2016-10-23 03:00:00,25.0,24.834615592123257
2016-10-23 04:00:00,21.0,24.605089110246
2016-10-23 05:00:00,22.0,19.33868576870387
2016-10-23 06:00:00,18.0,16.104596915488557
2016-10-23 07:00:00,24.0,24.253440034905182
2016-10-23 08:00:00,27.0,21.4445243358182
2016-10-23 09:00:00,26.0,27.425828460094365
2016-10-23 10:00:00,28.0,27.170429011577184
2016-10-23 11:00:00,28.0,25.50479711772826
2016-10-23 12:00:00,21.0,21.710825318015054
2016-10-23 13:00:00,21.0,22.37908252345268
2016-10-23 14:00:00,28.0,22.452372247837573
2016-10-23 15:00:00,30.0,26.356666057050077
2016-10-23 16:00:00,33.0,33.905193149964006
2016-10-23 17:00:00,21.0,25.10716110745541
2016-10-23 18:00:00,26.0,29.570022526977695
2016-10-23 19:00:00,35.0,27.950018022720954
2016-10-23 20:00:00,33.0,34.24255536121984
2016-10-23 21:00:00,26.0,33.29447389031658
2016-10-23 22:00:00,39.0,34.56361873057919
2016-10-23 23:00:00,44.0,35.92097360212479
2016-10-24 00:00:00,47.0,52.00418907447583
2016-10-24 01:00:00,53.0,53.669414117633906
2016-10-24 02:00:00,59.0,59.98027182318101
2016-10-24 03:00:00,57.0,58.46232749981998
2016-10-24 04:00:00,42.0,47.31334446608152
2016-10-24 05:00:00,40.0,42.0620750565635
2016-10-24 06:00:00,22.0,20.593869220059318
2016-10-24 07:00:00,23.0,29.495753851130573
2016-10-24 08:00:00,27.0,22.110797802278
2016-10-24 09:00:00,38.0,38.660042069618726
2016-10-24 10:00:00,39.0,41.9632566626243
2016-10-24 11:00:00,50.0,56.8828539460314
2016-10-24 12:00:00,42.0,45.37970876805069
2016-10-24 13:00:00,59.0,68.81358683636695
2016-10-24 14:00:00,92.0,82.30615013711277
2016-10-24 15:00:00,106.0,104.65786374120027
2016-10-24 16:00:00,112.0,123.11842091396879
2016-10-24 17:00:00,110.0,117.26726486708459
2016-10-24 18:00:00,106.0,113.04711883123473
2016-10-24 19:00:00,110.0,114.29790822351909
2016-10-24 20:00:00,120.0,117.44202039352807
2016-10-24 21:00:00,110.0,112.74303608247583
2016-10-24 22:00:00,105.0,112.92636787104759
2016-10-24 23:00:00,93.0,94.20285004611803
2016-10-25 00:00:00,89.0,93.19161572124766
2016-10-25 01:00:00,80.0,81.19127910175912
2016-10-25 02:00:00,72.0,75.61563444855683
2016-10-25 03:00:00,71.0,70.98342482193048
2016-10-25 04:00:00,74.0,70.3002072871382
2016-10-25 05:00:00,68.0,69.10820486297779
2016-10-25 06:00:00,70.0,72.38611772466687
2016-10-25 07:00:00,66.0,65.49898628291429
2016-10-25 08:00:00,68.0,74.8125390638637
2016-10-25 09:00:00,83.0,84.078422201441
2016-10-25 10:00:00,88.0,83.03630182800897
2016-10-25 11:00:00,109.0,111.53555639213134
2016-10-25 12:00:00,98.0,98.10427795697412
2016-10-25 13:00:00,112.0,120.12311667870812
2016-10-25 14:00:00,147.0,128.06451905176573
2016-10-25 15:00:00,167.0,155.68129152001092
2016-10-25 16:00:00,132.0,142.7221878290021
2016-10-25 17:00:00,110.0,126.03171308697499
2016-10-25 18:00:00,95.0,90.81115508561952
2016-10-25 19:00:00,115.0,109.61783623984827
2016-10-25 20:00:00,117.0,107.70386508415685
2016-10-25 21:00:00,131.0,132.28197411778547
2016-10-25 22:00:00,140.0,131.7740611816127
2016-10-25 23:00:00,143.0,141.02078988901434
2016-10-26 00:00:00,134.0,138.0757383554414
2016-10-26 01:00:00,131.0,135.10812877514974
2016-10-26 02:00:00,140.0,134.42409343203332
2016-10-26 03:00:00,124.0,121.91916717415218
2016-10-26 04:00:00,117.0,124.64469372345654
2016-10-26 05:00:00,104.0,100.51564802218836
2016-10-26 06:00:00,70.0,74.66537589803421
2016-10-26 07:00:00,32.0,42.844779787704596
2016-10-26 08:00:00,11.0,13.098493817970933
2016-10-26 09:00:00,3.0,1.729891335553802
2016-10-26 10:00:00,8.0,6.031095530589482
2016-10-26 11:00:00,3.0,1.07831332488594
2016-10-26 12:00:00,3.0,6.003523913406809
2016-10-26 13:00:00,14.0,8.066014907395811
2016-10-26 14:00:00,8.0,9.856609492034877
2016-10-26 15:00:00,34.0,35.23807798422895
2016-10-26 16:00:00,38.0,33.03460899490905
2016-10-26 17:00:00,28.0,44.470086257974074
2016-10-26 18:00:00,22.0,29.42094800848848
2016-10-26 19:00:00,23.0,26.91098859073297
2016-10-26 20:00:00,28.0,30.342442100947736
2016-10-26 21:00:00,26.0,30.336637474246558
2016-10-26 22:00:00,24.0,30.984802152104677
2016-10-26 23:00:00,26.0,26.97924853564281
2016-10-27 00:00:00,26.0,26.281650029690283
2016-10-27 01:00:00,27.0,28.1625302512046
2016-10-27 02:00:00,23.0,22.559960963183556
2016-10-27 03:00:00,20.0,20.688048494480967
2016-10-27 04:00:00,21.0,17.145193064859
2016-10-27 05:00:00,15.0,13.668228032717792
2016-10-27 06:00:00,17.0,18.027579805217
2016-10-27 07:00:00,20.0,17.36964788735081
2016-10-27 08:00:00,25.0,26.9529548978159
2016-10-27 09:00:00,36.0,35.266682071000176
2016-10-27 10:00:00,37.0,39.00216084147101
2016-10-27 11:00:00,49.0,55.07920014768105
2016-10-27 12:00:00,59.0,58.86828418155362
2016-10-27 13:00:00,62.0,69.03270199112846
2016-10-27 14:00:00,56.0,65.95096389430385
2016-10-27 15:00:00,51.0,57.298029443017555
2016-10-27 16:00:00,43.0,46.36011767602176
2016-10-27 17:00:00,37.0,41.16838030026953
2016-10-27 18:00:00,39.0,39.70043427614023
2016-10-27 19:00:00,36.0,34.829894771370164
2016-10-27 20:00:00,31.0,35.43606415825286
2016-10-27 21:00:00,22.0,24.870608345845497
2016-10-27 22:00:00,26.0,26.103197837314255
2016-10-27 23:00:00,15.0,13.045642527307095
2016-10-28 00:00:00,18.0,21.857940888283963
2016-10-28 01:00:00,14.0,10.09295667927934
2016-10-28 02:00:00,15.0,15.721771709609385
2016-10-28 03:00:00,17.0,12.74609354046737
2016-10-28 04:00:00,13.0,11.32754452051887
2016-10-28 05:00:00,14.0,14.735513254969518
2016-10-28 06:00:00,6.0,5.998087423173644
2016-10-28 07:00:00,14.0,12.194658720677111
2016-10-28 08:00:00,3.0,-1.9188778533558661
2016-10-28 09:00:00,11.0,13.965949815744281
2016-10-28 10:00:00,3.0,-3.914467879160881
2016-10-28 11:00:00,5.0,7.766760761982553
2016-10-28 12:00:00,18.0,7.499003004708115
2016-10-28 13:00:00,3.0,0.4497828840717091
2016-10-28 14:00:00,3.0,9.268701179170677
2016-10-28 15:00:00,3.0,-5.591784252104603
2016-10-28 16:00:00,8.0,5.029650092124058
2016-10-28 17:00:00,11.0,6.2683323604710495
2016-10-28 18:00:00,5.0,7.462959320677555
2016-10-28 19:00:00,9.0,10.920991659284951
2016-10-28 20:00:00,7.0,6.868087662663456
2016-10-28 21:00:00,22.0,20.766259268399025
2016-10-28 22:00:00,9.0,6.40028335475904
2016-10-28 23:00:00,13.0,21.173600169201578
2016-10-29 00:00:00,12.0,6.798989954323048
2016-10-29 01:00:00,20.0,20.61896625696386
2016-10-29 02:00:00,16.0,14.672258924298362
2016-10-29 03:00:00,16.0,20.194642479972913
2016-10-29 04:00:00,11.0,11.3065655816267
2016-10-29 05:00:00,8.0,12.421318362772055
2016-10-29 06:00:00,15.0,14.446838176471275
2016-10-29 07:00:00,9.0,10.900247565449845
2016-10-29 08:00:00,11.0,18.236330729139382
2016-10-29 09:00:00,10.0,10.824118349063198
2016-10-29 10:00:00,21.0,21.784921936370893
2016-10-29 11:00:00,33.0,25.780743351669415
2016-10-29 12:00:00,18.0,21.323152088456126
2016-10-29 13:00:00,19.0,27.610076420500974
2016-10-29 14:00:00,18.0,12.131405552977483
2016-10-29 15:00:00,24.0,23.355541072155745
2016-10-29 16:00:00,23.0,20.794340328667985
2016-10-29 17:00:00,24.0,25.662508426440695
2016-10-29 18:00:00,21.0,22.00781221538348
2016-10-29 19:00:00,29.0,28.042522755709953
2016-10-29 20:00:00,29.0,24.10859231878848
2016-10-29 21:00:00,26.0,30.35190734702094
2016-10-29 22:00:00,36.0,34.21403786306243
2016-10-29 23:00:00,45.0,36.97973029748053
2016-10-30 00:00:00,45.0,45.3273664596135
2016-10-30 01:00:00,48.0,51.91769929508881
2016-10-30 02:00:00,47.0,46.354043736620866
2016-10-30 03:00:00,50.0,53.35072990223533
2016-10-30 04:00:00,62.0,59.94447056920454
2016-10-30 05:00:00,64.0,62.284711561459815
2016-10-30 06:00:00,75.0,76.8989277144007
2016-10-30 07:00:00,77.0,74.65036384930018
2016-10-30 08:00:00,76.0,82.12270254792064
2016-10-30 09:00:00,69.0,73.38912569801197
2016-10-30 10:00:00,79.0,79.86907400997485
2016-10-30 11:00:00,84.0,80.1249904638341
2016-10-30 12:00:00,103.0,100.84745739418635
2016-10-30 13:00:00,100.0,98.21895370207393
2016-10-30 14:00:00,91.0,101.58596088345375
2016-10-30 15:00:00,37.0,43.88381668440695
2016-10-30 16:00:00,3.0,19.33248605036205
2016-10-30 17:00:00,3.0,-5.669873268562881
2016-10-30 18:00:00,12.0,-0.9556608827844997
2016-10-30 19:00:00,5.0,3.749594787221099
2016-10-30 20:00:00,10.0,9.695374176094859
2016-10-30 21:00:00,3.0,-4.873370935010371
2016-10-30 22:00:00,3.0,1.8513244664924144
2016-10-30 23:00:00,3.0,-4.8780221417741245
2016-10-31 00:00:00,3.0,-2.256080878127264
2016-10-31 01:00:00,3.0,-1.5032967673674165
2016-10-31 02:00:00,3.0,-2.6359566455705874
2016-10-31 03:00:00,3.0,-1.7912207300617666
2016-10-31 04:00:00,12.0,4.320223439905433
2016-10-31 05:00:00,3.0,-2.5952725166489756
2016-10-31 06:00:00,3.0,2.951450746220644
2016-10-31 07:00:00,3.0,-3.0669599374695196
2016-10-31 08:00:00,3.0,1.8107143515191098
2016-10-31 09:00:00,14.0,7.920409944480298
2016-10-31 10:00:00,3.0,-1.3576394531461915
2016-10-31 11:00:00,3.0,7.520398729501835
2016-10-31 12:00:00,7.0,-0.791607146856208
2016-10-31 13:00:00,3.0,1.533978738273575
2016-10-31 14:00:00,3.0,3.2768917353061653
2016-10-31 15:00:00,3.0,-0.6468067972036238
2016-10-31 16:00:00,12.0,7.5167193098985905
2016-10-31 17:00:00,6.0,2.402566248641648
2016-10-31 18:00:00,17.0,17.42383884823886
2016-10-31 19:00:00,10.0,5.101181080228102
2016-10-31 20:00:00,15.0,19.272212894970906
2016-10-31 21:00:00,14.0,10.317244962232607
2016-10-31 22:00:00,10.0,13.696121190939223
2016-10-31 23:00:00,13.0,10.99360920026615
2016-11-01 00:00:00,4.0,2.4336308452123347
2016-11-01 01:00:00,17.0,16.552725625962736
2016-11-01 02:00:00,19.0,9.604631646574092
2016-11-01 03:00:00,11.0,17.97504414277344
2016-11-01 04:00:00,15.0,18.506861776377022
2016-11-01 05:00:00,13.0,10.756100815995978
2016-11-01 06:00:00,15.0,18.806824877491295
2016-11-01 07:00:00,26.0,22.568561616446686
2016-11-01 08:00:00,30.0,27.160295239944077
2016-11-01 09:00:00,20.0,26.174164716165734
2016-11-01 10:00:00,21.0,23.773052277942057
2016-11-01 11:00:00,24.0,20.215084871893794
2016-11-01 12:00:00,36.0,35.094913425159945
2016-11-01 13:00:00,49.0,43.27627488774675
2016-11-01 14:00:00,58.0,54.57679858555184
2016-11-01 15:00:00,63.0,61.761864242690436
2016-11-01 16:00:00,66.0,65.39206095146271
2016-11-01 17:00:00,57.0,59.823426225237725
2016-11-01 18:00:00,63.0,65.43157465681905
2016-11-01 19:00:00,64.0,57.702395614831616
2016-11-01 20:00:00,61.0,62.737489624797334
2016-11-01 21:00:00,61.0,62.0254992733275
2016-11-01 22:00:00,67.0,64.1923865006333
2016-11-01 23:00:00,76.0,71.07940345255672
2016-11-02 00:00:00,76.0,77.62457352732811
2016-11-02 01:00:00,98.0,97.55113103989318
2016-11-02 02:00:00,102.0,91.63556134894624
2016-11-02 03:00:00,96.0,104.55109763898203
2016-11-02 04:00:00,99.0,101.29145691848497
2016-11-02 05:00:00,94.0,89.69659055579534
2016-11-02 06:00:00,81.0,85.73264908323539
2016-11-02 07:00:00,71.0,74.34232993900333
2016-11-02 08:00:00,66.0,67.53898987204396
2016-11-02 09:00:00,64.0,64.90107107162684
2016-11-02 10:00:00,74.0,69.52999229496275
2016-11-02 11:00:00,80.0,75.59875754833372
2016-11-02 12:00:00,89.0,90.88352832206893
2016-11-02 13:00:00,112.0,104.98512648823437
2016-11-02 14:00:00,106.0,103.50319663987854
2016-11-02 15:00:00,93.0,108.00077042053552
2016-11-02 16:00:00,110.0,105.15989591580676
2016-11-02 17:00:00,108.33333333333331,100.9946001009731
2016-11-02 18:00:00,106.66666666666669,119.95126654419839
2016-11-02 19:00:00,105.0,109.03025888378978
2016-11-02 20:00:00,149.0,137.13593209995213
2016-11-02 21:00:00,160.0,140.00957205106772
2016-11-02 22:00:00,162.0,174.04754837498695
2016-11-02 23:00:00,171.0,169.08634259419227
2016-11-03 00:00:00,169.0,165.47151550438724
2016-11-03 01:00:00,161.0,165.00770232720487
2016-11-03 02:00:00,166.0,163.50002255024305
2016-11-03 03:00:00,174.0,167.66849042460245
2016-11-03 04:00:00,176.0,174.14158113485678
2016-11-03 05:00:00,164.0,166.9833156116984
2016-11-03 06:00:00,140.0,145.45234895795141
2016-11-03 07:00:00,117.0,123.19580182035178
2016-11-03 08:00:00,106.0,111.97792042193997
2016-11-03 09:00:00,114.0,111.37367731270753
2016-11-03 10:00:00,126.0,122.4941584133863
2016-11-03 11:00:00,147.0,142.22010315857455
2016-11-03 12:00:00,166.0,157.31702467882423
2016-11-03 13:00:00,164.0,165.27271363236753
2016-11-03 14:00:00,183.0,189.94911019345983
2016-11-03 15:00:00,269.0,239.47561902865982
2016-11-03 16:00:00,299.0,262.2040688104393
2016-11-03 17:00:00,263.0,289.8371291331079
2016-11-03 18:00:00,263.0,278.46778330510404
2016-11-03 19:00:00,265.0,251.30760590841686
2016-11-03 20:00:00,285.0,280.5302494612982
2016-11-03 21:00:00,278.0,274.7356136112828
2016-11-03 22:00:00,268.0,277.2127288807014
2016-11-03 23:00:00,260.0,260.92128859830535
2016-11-04 00:00:00,257.0,256.1132604789711
2016-11-04 01:00:00,248.0,248.66641335425084
2016-11-04 02:00:00,238.0,243.58465141207625
2016-11-04 03:00:00,228.0,230.36330905053563
2016-11-04 04:00:00,225.0,226.6502927303194
2016-11-04 05:00:00,219.0,221.02222166890823
2016-11-04 06:00:00,223.0,226.48212257010573
2016-11-04 07:00:00,217.0,217.77408221466692
2016-11-04 08:00:00,194.0,205.44141593709242
2016-11-04 09:00:00,206.0,213.40129554476988
2016-11-04 10:00:00,238.0,217.97052682189548
2016-11-04 11:00:00,274.0,255.4638404287981
2016-11-04 12:00:00,291.0,281.50636816487594
2016-11-04 13:00:00,300.0,300.3325195351669
2016-11-04 14:00:00,309.0,306.38323589606614
2016-11-04 15:00:00,334.0,325.2581786998727
2016-11-04 16:00:00,315.0,312.48135440179544
2016-11-04 17:00:00,258.0,280.03054969619274
2016-11-04 18:00:00,242.0,251.13966805424712
2016-11-04 19:00:00,233.0,221.8284667285102
2016-11-04 20:00:00,225.0,230.13946067091524
2016-11-04 21:00:00,220.0,226.16598860924148
2016-11-04 22:00:00,203.0,205.474608276438
2016-11-04 23:00:00,216.0,216.9520114480287
2016-11-05 00:00:00,235.0,218.63295149917224
2016-11-05 01:00:00,230.0,229.51948995310244
2016-11-05 02:00:00,207.0,218.94492563406482
2016-11-05 03:00:00,188.0,195.67874975130928
2016-11-05 04:00:00,178.0,179.79327156109758
2016-11-05 05:00:00,158.0,163.5689324077685
2016-11-05 06:00:00,142.0,153.16349834933504
2016-11-05 07:00:00,135.0,139.84611520370038
2016-11-05 08:00:00,137.0,139.68625499377197
2016-11-05 09:00:00,147.0,147.9230127731954
2016-11-05 10:00:00,193.0,179.17850564864779
2016-11-05 11:00:00,209.0,190.4427785291785
2016-11-05 12:00:00,169.0,185.39383490598271
2016-11-05 13:00:00,193.0,200.7344888620338
2016-11-05 14:00:00,173.0,154.7198660906334
2016-11-05 15:00:00,184.0,199.86537809545496
2016-11-05 16:00:00,197.0,183.34573490325465
2016-11-05 17:00:00,194.0,194.6111424829844
2016-11-05 18:00:00,199.0,205.08785956310174
2016-11-05 19:00:00,199.0,196.5678300161536
2016-11-05 20:00:00,180.0,184.97924549351666
2016-11-05 21:00:00,117.0,130.15797255946154
2016-11-05 22:00:00,123.0,127.56127516193847
2016-11-05 23:00:00,125.0,99.68160190600081
2016-11-06 00:00:00,125.0,128.84291868425674
2016-11-06 01:00:00,135.0,129.7374791144694
2016-11-06 02:00:00,121.0,114.40315698750236
2016-11-06 03:00:00,90.0,99.25825165558969
2016-11-06 04:00:00,78.0,80.25730375633985
2016-11-06 05:00:00,62.0,56.9023736398393
2016-11-06 06:00:00,60.0,62.697458786247935
2016-11-06 07:00:00,52.0,50.09976530044638
2016-11-06 08:00:00,49.0,52.312905764109686
2016-11-06 09:00:00,42.0,44.77212912336144
2016-11-06 10:00:00,47.0,48.88359604187521
2016-11-06 11:00:00,44.0,42.198320656515364
2016-11-06 12:00:00,45.0,48.7428748160862
2016-11-06 13:00:00,44.0,43.55565054615968
2016-11-06 14:00:00,38.0,41.8437379341229
2016-11-06 15:00:00,41.0,43.805537953440634
2016-11-06 16:00:00,36.0,35.7064609297375
2016-11-06 17:00:00,40.0,43.27561570409485
2016-11-06 18:00:00,46.0,43.70574665522216
2016-11-06 19:00:00,58.0,54.909205210966775
2016-11-06 20:00:00,66.0,64.18447072625797
2016-11-06 21:00:00,89.0,86.02063722029551
2016-11-06 22:00:00,107.0,92.29016741340205
2016-11-06 23:00:00,94.0,101.43101222082284
2016-11-07 00:00:00,119.0,121.538264602719
2016-11-07 01:00:00,108.0,95.28246046835837
2016-11-07 02:00:00,109.0,118.70288368359358
2016-11-07 03:00:00,90.0,85.87191905966397
2016-11-07 04:00:00,77.0,83.06954308828502
2016-11-07 05:00:00,74.0,72.14079793748554
2016-11-07 06:00:00,64.0,63.84318002891588
2016-11-07 07:00:00,67.0,71.01082218534619
2016-11-07 08:00:00,67.0,64.06725834070592
2016-11-07 09:00:00,72.0,71.9398664179546
2016-11-07 10:00:00,41.0,43.8581006787598
2016-11-07 11:00:00,17.0,29.49349732243465
2016-11-07 12:00:00,8.0,4.543085519096039
2016-11-07 13:00:00,13.0,7.856233342028432
2016-11-07 14:00:00,14.0,11.291908928746096
2016-11-07 15:00:00,7.0,9.31330352919916
2016-11-07 16:00:00,11.0,10.451888373980537
2016-11-07 17:00:00,10.0,6.000436724326008
2016-11-07 18:00:00,8.0,10.67775985662955
2016-11-07 19:00:00,13.0,12.381924459423729
2016-11-07 20:00:00,18.0,15.327804689177768
2016-11-07 21:00:00,20.0,17.778332371538525
2016-11-07 22:00:00,14.0,13.871821707184338
2016-11-07 23:00:00,13.0,12.49630565769084
2016-11-08 00:00:00,11.0,10.09163038595267
2016-11-08 01:00:00,9.0,12.96295280719886
2016-11-08 02:00:00,12.0,11.55409066558893
2016-11-08 03:00:00,13.0,12.192663384407666
2016-11-08 04:00:00,16.0,17.997063933174488
2016-11-08 05:00:00,16.0,16.29182319326962
2016-11-08 06:00:00,18.0,20.82064443111885
2016-11-08 07:00:00,19.0,20.651005403530704
2016-11-08 08:00:00,24.0,25.734420817821132
2016-11-08 09:00:00,21.0,22.946257189216098
2016-11-08 10:00:00,23.0,27.312853959454543
2016-11-08 11:00:00,19.0,19.555610461400306
2016-11-08 12:00:00,30.0,29.3450780843727
2016-11-08 13:00:00,26.0,19.673672307686033
2016-11-08 14:00:00,28.0,31.32450078347682
2016-11-08 15:00:00,37.0,31.00494168854128
2016-11-08 16:00:00,39.0,36.951282174143884
2016-11-08 17:00:00,56.0,55.122731225795604
2016-11-08 18:00:00,70.0,60.46238524807349
2016-11-08 19:00:00,58.0,64.10604584669387
2016-11-08 20:00:00,64.0,73.62717200484023
2016-11-08 21:00:00,79.0,68.94550177175684
2016-11-08 22:00:00,79.0,81.4635762868809
2016-11-08 23:00:00,89.0,90.74540175968421
2016-11-09 00:00:00,90.0,84.98748694021857
2016-11-09 01:00:00,90.0,96.89864693471365
2016-11-09 02:00:00,113.0,109.5853907476391
2016-11-09 03:00:00,137.0,125.16948215032583
2016-11-09 04:00:00,127.0,131.0108005196455
2016-11-09 05:00:00,92.0,108.74104082584721
2016-11-09 06:00:00,104.0,108.01282486738451
2016-11-09 07:00:00,108.0,94.48719656086026
2016-11-09 08:00:00,114.0,122.53823246001615
2016-11-09 09:00:00,139.0,137.10497001671257
2016-11-09 10:00:00,158.0,152.10681579813001
2016-11-09 11:00:00,181.0,182.71108991548886
2016-11-09 12:00:00,197.0,195.1335195141512
2016-11-09 13:00:00,202.0,206.49531929595213
2016-11-09 14:00:00,203.0,207.85204106153958
2016-11-09 15:00:00,204.0,204.16005446253735
2016-11-09 16:00:00,210.0,203.99926892071613
2016-11-09 17:00:00,193.66666666666663,179.8252797090717
2016-11-09 18:00:00,177.33333333333334,174.2922825739672
2016-11-09 19:00:00,161.0,164.62354963066207
2016-11-09 20:00:00,213.0,196.2935662231859
2016-11-09 21:00:00,214.0,187.58052763167723
2016-11-09 22:00:00,215.0,232.1386100917681
2016-11-09 23:00:00,228.0,220.2094982711065
2016-11-10 00:00:00,229.0,221.4191326470821
2016-11-10 01:00:00,230.0,232.7372308284115
2016-11-10 02:00:00,224.0,219.97316147316081
2016-11-10 03:00:00,217.0,216.20098198263014
2016-11-10 04:00:00,211.0,208.95528390350904
2016-11-10 05:00:00,144.0,148.98054129884764
2016-11-10 06:00:00,138.0,150.06858789924638
2016-11-10 07:00:00,139.0,115.13337092542092
2016-11-10 08:00:00,128.0,129.5526577634081
2016-11-10 09:00:00,165.0,161.17240696844823
2016-11-10 10:00:00,195.0,169.71783455126763
2016-11-10 11:00:00,216.0,215.59334694932488
2016-11-10 12:00:00,221.0,220.332879062541
2016-11-10 13:00:00,208.0,211.8283140119139
2016-11-10 14:00:00,199.0,200.9492350653016
2016-11-10 15:00:00,175.0,172.50912109569975
2016-11-10 16:00:00,87.0,103.85664766345197
2016-11-10 17:00:00,31.0,53.86778169018528
2016-11-10 18:00:00,23.0,28.60454330620432
2016-11-10 19:00:00,183.0,122.26154258627959
2016-11-10 20:00:00,118.0,72.55457728281625
2016-11-10 21:00:00,24.0,109.89268656152562
2016-11-10 22:00:00,19.0,13.611990447679304
2016-11-10 23:00:00,18.0,-8.352715674531105
2016-11-11 00:00:00,23.0,31.894222275320374
2016-11-11 01:00:00,19.0,20.242738209020388
2016-11-11 02:00:00,16.0,20.040661214277904
2016-11-11 03:00:00,20.0,20.74955590819907
2016-11-11 04:00:00,35.0,32.126259144068285
2016-11-11 05:00:00,68.0,58.4386663974215
2016-11-11 06:00:00,102.0,88.77011814723583
2016-11-11 07:00:00,131.0,127.28004264007522
2016-11-11 08:00:00,172.0,161.53145017469785
2016-11-11 09:00:00,158.0,155.15660217143443
2016-11-11 10:00:00,122.0,145.6565202077329
2016-11-11 11:00:00,92.0,99.10715972270934
2016-11-11 12:00:00,97.0,89.95981480108775
2016-11-11 13:00:00,97.0,85.63208563775821
2016-11-11 14:00:00,69.0,75.15892448451736
2016-11-11 15:00:00,61.0,68.47546853445554
2016-11-11 16:00:00,55.0,48.121676409660765
2016-11-11 17:00:00,50.0,53.01726530450091
2016-11-11 18:00:00,52.0,57.56056099660846
2016-11-11 19:00:00,65.0,59.836564659971074
2016-11-11 20:00:00,76.0,73.74137775693448
2016-11-11 21:00:00,77.0,84.37197549666261
2016-11-11 22:00:00,70.0,78.95198644406521
2016-11-11 23:00:00,68.0,75.93619901134996
2016-11-12 00:00:00,63.0,66.23571685004823
2016-11-12 01:00:00,76.0,78.6795070543199
2016-11-12 02:00:00,83.0,78.9562298116304
2016-11-12 03:00:00,86.0,90.92694472144753
2016-11-12 04:00:00,79.0,81.88775801384001
2016-11-12 05:00:00,59.0,64.25459754790758
2016-11-12 06:00:00,54.0,58.47877738853809
2016-11-12 07:00:00,50.0,46.87059839855375
2016-11-12 08:00:00,46.0,48.78835614002189
2016-11-12 09:00:00,41.0,42.49815821248555
2016-11-12 10:00:00,38.0,41.2591302203906
2016-11-12 11:00:00,59.0,56.41364560405488
2016-11-12 12:00:00,67.0,59.194850160001366
2016-11-12 13:00:00,78.0,83.10430689795267
2016-11-12 14:00:00,84.0,84.03848990884448
2016-11-12 15:00:00,83.0,88.12483314999581
2016-11-12 16:00:00,86.0,91.00320606957602
2016-11-12 17:00:00,93.0,93.19523449411854
2016-11-12 18:00:00,103.0,102.06346771453217
2016-11-12 19:00:00,108.0,108.39710060766522
2016-11-12 20:00:00,101.0,107.05095057134322
2016-11-12 21:00:00,83.0,91.95883853573905
2016-11-12 22:00:00,75.0,77.61927530141357
2016-11-12 23:00:00,49.0,47.62424874814786
2016-11-13 00:00:00,38.0,44.26371882702189
2016-11-13 01:00:00,45.0,37.107249176602636
2016-11-13 02:00:00,43.0,36.84386992768606
2016-11-13 03:00:00,43.0,45.273525854205914
2016-11-13 04:00:00,49.0,44.45362832261223
2016-11-13 05:00:00,55.0,49.75782290765986
2016-11-13 06:00:00,57.0,56.95892834609754
2016-11-13 07:00:00,57.0,61.27770304638629
2016-11-13 08:00:00,61.0,63.40707279096925
2016-11-13 09:00:00,61.0,65.53495255701846
2016-11-13 10:00:00,69.0,74.37941453674823
2016-11-13 11:00:00,81.0,80.99790916579782
2016-11-13 12:00:00,92.0,93.81347456215185
2016-11-13 13:00:00,94.0,99.84120222328404
2016-11-13 14:00:00,114.0,118.10871596805366
2016-11-13 15:00:00,122.0,120.21042588051388
2016-11-13 16:00:00,134.0,140.51502012810732
2016-11-13 17:00:00,139.0,142.19371524647698
2016-11-13 18:00:00,147.0,154.78014940954864
2016-11-13 19:00:00,155.0,158.41836767982494
2016-11-13 20:00:00,163.0,165.7701116681282
2016-11-13 21:00:00,159.0,164.06976902704838
2016-11-13 22:00:00,163.0,170.86882038367133
2016-11-13 23:00:00,178.0,172.76160523538556
2016-11-14 00:00:00,167.0,168.38440453665106
2016-11-14 01:00:00,144.0,158.60649550092234
2016-11-14 02:00:00,140.0,139.8754854735032
2016-11-14 03:00:00,143.0,136.26899345790594
2016-11-14 04:00:00,147.0,146.13169606594806
2016-11-14 05:00:00,74.0,82.90680410942797
2016-11-14 06:00:00,31.0,52.388933541151644
2016-11-14 07:00:00,20.0,5.599825204348377
2016-11-14 08:00:00,15.0,10.405183507669875
2016-11-14 09:00:00,9.0,14.740555408378867
2016-11-14 10:00:00,13.0,9.299318878131558
2016-11-14 11:00:00,4.0,0.49739759706027087
2016-11-14 12:00:00,24.0,18.153885020291412
2016-11-14 13:00:00,8.0,-1.9617750831857137
2016-11-14 14:00:00,4.0,13.264756114130208
2016-11-14 15:00:00,3.0,-4.453711648339521
2016-11-14 16:00:00,10.0,4.656810626708733
2016-11-14 17:00:00,3.0,-0.2185181281102757
2016-11-14 18:00:00,3.0,8.145562320301622
2016-11-14 19:00:00,20.0,10.311032560241173
2016-11-14 20:00:00,26.0,15.400575125133983
2016-11-14 21:00:00,14.0,20.121616975638645
2016-11-14 22:00:00,20.0,21.127855633117107
2016-11-14 23:00:00,17.0,10.742224097872054
2016-11-15 00:00:00,13.0,16.434053905141724
2016-11-15 01:00:00,8.0,7.653873569608962
2016-11-15 02:00:00,3.0,3.3694697886283365
2016-11-15 03:00:00,5.0,7.381809126624077
2016-11-15 04:00:00,10.0,4.1061299432139435
2016-11-15 05:00:00,9.0,6.5467353807049165
2016-11-15 06:00:00,9.0,11.025925239965474
2016-11-15 07:00:00,25.0,21.34077934230892
2016-11-15 08:00:00,22.0,16.217757933819385
2016-11-15 09:00:00,23.0,30.84524544864871
2016-11-15 10:00:00,35.0,29.608249242023334
2016-11-15 11:00:00,46.0,38.59445090253803
2016-11-15 12:00:00,45.0,44.79022493326357
2016-11-15 13:00:00,27.0,32.95347165894849
2016-11-15 14:00:00,34.0,35.34502502057802
2016-11-15 15:00:00,41.0,30.147301270258254
2016-11-15 16:00:00,46.0,46.96713965770293
2016-11-15 17:00:00,59.0,57.03024075474677
2016-11-15 18:00:00,54.0,53.47465504794967
2016-11-15 19:00:00,60.0,67.43871538291332
2016-11-15 20:00:00,66.0,62.90286108283776
2016-11-15 21:00:00,83.0,81.86545341455452
2016-11-15 22:00:00,118.0,105.52152118606945
2016-11-15 23:00:00,150.0,133.9724699448749
2016-11-16 00:00:00,147.0,148.47382765338364
2016-11-16 01:00:00,116.0,131.37794345082193
2016-11-16 02:00:00,113.0,118.45891573176978
2016-11-16 03:00:00,98.0,90.78491188388965
2016-11-16 04:00:00,95.0,102.22280806743875
2016-11-16 05:00:00,88.0,86.10837620061695
2016-11-16 06:00:00,85.0,87.7819953816852
2016-11-16 07:00:00,82.0,85.37398616423839
2016-11-16 08:00:00,88.0,89.85804931924339
2016-11-16 09:00:00,97.0,94.7987701624562
2016-11-16 10:00:00,92.0,94.12392216379492
2016-11-16 11:00:00,100.0,102.35562948854572
2016-11-16 12:00:00,96.0,90.43918786474931
2016-11-16 13:00:00,87.0,91.17524764834617
2016-11-16 14:00:00,95.0,91.47389272966042
2016-11-16 15:00:00,87.0,81.67457711300655
2016-11-16 16:00:00,92.0,95.98005830636406
2016-11-16 17:00:00,84.0,83.744054359837
2016-11-16 18:00:00,92.0,97.54600582500909
2016-11-16 19:00:00,111.0,103.46050869484235
2016-11-16 20:00:00,123.0,124.38228663137296
2016-11-16 21:00:00,133.0,138.96304842790488
2016-11-16 22:00:00,135.0,143.37023624736656
2016-11-16 23:00:00,226.0,208.0471286858001
2016-11-17 00:00:00,204.0,179.12105295589862
2016-11-17 01:00:00,175.0,223.99285123315576
2016-11-17 02:00:00,183.0,181.48908755833673
2016-11-17 03:00:00,184.0,176.26863195024447
2016-11-17 04:00:00,166.0,176.43986892515858
2016-11-17 05:00:00,116.0,126.60253297983822
2016-11-17 06:00:00,66.0,80.18305848394114
2016-11-17 07:00:00,66.0,64.81453424093876
2016-11-17 08:00:00,56.0,46.455766730645905
2016-11-17 09:00:00,63.0,69.83339829784127
2016-11-17 10:00:00,67.0,61.801460350325826
2016-11-17 11:00:00,70.0,70.86692602287742
2016-11-17 12:00:00,82.0,81.54855819058498
2016-11-17 13:00:00,80.0,80.66455579223022
2016-11-17 14:00:00,83.0,90.41915343860366
2016-11-17 15:00:00,81.0,81.38797258084627
2016-11-17 16:00:00,93.0,95.83942391416853
2016-11-17 17:00:00,101.0,96.91288968416434
2016-11-17 18:00:00,110.0,115.27774238311046
2016-11-17 19:00:00,109.0,116.37083998160456
2016-11-17 20:00:00,127.0,131.12677744154405
2016-11-17 21:00:00,140.0,137.97958050856528
2016-11-17 22:00:00,148.0,153.30121454190078
2016-11-17 23:00:00,157.0,160.2911503575508
2016-11-18 00:00:00,162.0,164.24970636940827
2016-11-18 01:00:00,182.0,184.74809535608432
2016-11-18 02:00:00,177.0,176.01249748411198
2016-11-18 03:00:00,184.0,196.01381102171712
2016-11-18 04:00:00,185.0,184.7756897546206
2016-11-18 05:00:00,170.0,178.7568186288014
2016-11-18 06:00:00,172.0,178.0428881230789
2016-11-18 07:00:00,171.0,169.2403370959479
2016-11-18 08:00:00,175.0,180.1336670266316
2016-11-18 09:00:00,177.0,182.71400877624433
2016-11-18 10:00:00,190.0,194.7945494911948
2016-11-18 11:00:00,197.0,198.55549055374638
2016-11-18 12:00:00,198.0,208.6946982406584
2016-11-18 13:00:00,215.0,221.62888226526883
2016-11-18 14:00:00,229.0,227.09414065658854
2016-11-18 15:00:00,244.0,248.32523840268
2016-11-18 16:00:00,243.0,246.8787651221145
2016-11-18 17:00:00,198.0,211.09492527833578
2016-11-18 18:00:00,191.0,203.13835188991038
2016-11-18 19:00:00,211.0,191.87605846050906
2016-11-18 20:00:00,196.0,192.6148804524226
2016-11-18 21:00:00,193.0,205.074012309748
2016-11-18 22:00:00,193.0,184.795103790633
2016-11-18 23:00:00,184.0,183.8086491272722
2016-11-19 00:00:00,209.0,206.10240697664204
2016-11-19 01:00:00,216.0,200.23814432323434
2016-11-19 02:00:00,223.0,228.25561764261965
2016-11-19 03:00:00,212.0,213.8094587363342
2016-11-19 04:00:00,198.0,205.60648654605654
2016-11-19 05:00:00,196.0,193.40927578704293
2016-11-19 06:00:00,192.0,186.55878825750665
2016-11-19 07:00:00,134.0,142.42276084038832
2016-11-19 08:00:00,75.0,96.98545990299742
2016-11-19 09:00:00,29.0,33.01785063231601
2016-11-19 10:00:00,32.0,26.32123162616061
2016-11-19 11:00:00,34.0,23.390999812834053
2016-11-19 12:00:00,31.0,35.22449561954916
2016-11-19 13:00:00,17.0,20.160066862314366
2016-11-19 14:00:00,22.0,20.560480964757687
2016-11-19 15:00:00,27.0,18.69802739528079
2016-11-19 16:00:00,22.0,35.221717984605334
2016-11-19 17:00:00,147.0,117.11756126512243
2016-11-19 18:00:00,181.0,128.41615865149362
2016-11-19 19:00:00,233.0,252.01090395794392
2016-11-19 20:00:00,232.0,220.48100265641716
2016-11-19 21:00:00,171.0,196.4373946184786
2016-11-19 22:00:00,131.0,150.20841881740012
2016-11-19 23:00:00,98.0,90.35300774396113
2016-11-20 00:00:00,110.0,104.5145213051862
2016-11-20 01:00:00,108.0,93.30649541771437
2016-11-20 02:00:00,91.0,94.68226037343972
2016-11-20 03:00:00,71.0,73.76909393540741
2016-11-20 04:00:00,66.0,63.22716339019355
2016-11-20 05:00:00,61.0,55.82117339646646
2016-11-20 06:00:00,49.0,50.54692567336875
2016-11-20 07:00:00,55.0,54.639111134341476
2016-11-20 08:00:00,46.0,40.938285888479825
2016-11-20 09:00:00,53.0,56.63295511013875
2016-11-20 10:00:00,56.0,50.67589873009132
2016-11-20 11:00:00,63.0,64.64719976097949
2016-11-20 12:00:00,73.0,70.66002160735555
2016-11-20 13:00:00,70.0,71.18036470339759
2016-11-20 14:00:00,70.0,76.70365707113056
2016-11-20 15:00:00,77.0,75.41887844884381
2016-11-20 16:00:00,3.0,25.447470923832114
2016-11-20 17:00:00,22.0,42.69035566857377
2016-11-20 18:00:00,23.0,-7.726095171324076
2016-11-20 19:00:00,20.0,32.938089621469956
2016-11-20 20:00:00,17.0,20.108483525866305
2016-11-20 21:00:00,14.0,10.92483761570847
2016-11-20 22:00:00,9.0,8.678621621942355
2016-11-20 23:00:00,10.0,8.338830192456399
2016-11-21 00:00:00,11.0,7.026424096444629
2016-11-21 01:00:00,16.0,12.065580622264704
2016-11-21 02:00:00,8.0,5.363977408114607
2016-11-21 03:00:00,10.0,10.127790883050906
2016-11-21 04:00:00,13.0,6.266338098559601
2016-11-21 05:00:00,15.0,11.823732384818143
2016-11-21 06:00:00,8.0,7.83400295061611
2016-11-21 07:00:00,6.0,7.500406762629041
2016-11-21 08:00:00,8.0,5.560042525696517
2016-11-21 09:00:00,3.0,4.221273627763026
2016-11-21 10:00:00,9.0,10.415749319519605
2016-11-21 11:00:00,10.0,5.675163895940898
2016-11-21 12:00:00,11.0,12.846487904671804
2016-11-21 13:00:00,7.0,7.246552155810292
2016-11-21 14:00:00,12.0,10.566454372030506
2016-11-21 15:00:00,3.0,1.6287026890177714
2016-11-21 16:00:00,17.0,16.536267465763174
2016-11-21 17:00:00,8.0,0.8623826490972277
2016-11-21 18:00:00,14.0,19.106382200237675
2016-11-21 19:00:00,14.0,6.7954868221550555
2016-11-21 20:00:00,13.0,13.657746320460177
2016-11-21 21:00:00,11.0,9.236581805547502
2016-11-21 22:00:00,3.0,1.4725541407796072
2016-11-21 23:00:00,5.0,2.969687609124094
2016-11-22 00:00:00,10.0,0.33872645519664957
2016-11-22 01:00:00,4.0,1.535609567505773
2016-11-22 02:00:00,6.0,4.602805704534333
2016-11-22 03:00:00,3.0,-3.072620798621486
2016-11-22 04:00:00,8.0,4.181033069849889
2016-11-22 05:00:00,7.0,0.5842011441407919
2016-11-22 06:00:00,6.0,4.883080537823247
2016-11-22 07:00:00,3.0,0.9356839127296865
2016-11-22 08:00:00,3.0,1.522907958772592
2016-11-22 09:00:00,4.0,1.2667631042891117
2016-11-22 10:00:00,5.0,2.5672612218323962
2016-11-22 11:00:00,7.0,5.127406281683832
2016-11-22 12:00:00,6.0,3.957465561529318
2016-11-22 13:00:00,8.0,6.606539373751772
2016-11-22 14:00:00,9.0,5.245506207835504
2016-11-22 15:00:00,7.0,5.810099218578756
2016-11-22 16:00:00,6.0,5.378417615373451
2016-11-22 17:00:00,10.0,7.358510361480725
2016-11-22 18:00:00,14.0,10.137158370842144
2016-11-22 19:00:00,15.0,14.807196234698267
2016-11-22 20:00:00,13.0,12.529785824414589
2016-11-22 21:00:00,11.0,9.283508822804762
2016-11-22 22:00:00,16.0,12.450516824809498
2016-11-22 23:00:00,15.0,8.279639288622107
2016-11-23 00:00:00,11.0,10.480404124833328
2016-11-23 01:00:00,16.0,11.177225911377533
2016-11-23 02:00:00,12.0,5.878341332430168
2016-11-23 03:00:00,13.0,12.044417976276932
2016-11-23 04:00:00,13.0,6.556612613600024
2016-11-23 05:00:00,12.0,9.327793786280054
2016-11-23 06:00:00,11.0,9.136423642891287
2016-11-23 07:00:00,12.0,10.7227381362664
2016-11-23 08:00:00,15.0,14.837551113493248
2016-11-23 09:00:00,17.0,16.520592145092735
2016-11-23 10:00:00,35.0,32.02383211915358
2016-11-23 11:00:00,46.0,36.07803182164757
2016-11-23 12:00:00,22.0,28.263142910187327
2016-11-23 13:00:00,22.0,30.14239336825476
2016-11-23 14:00:00,28.0,15.822603302888481
2016-11-23 15:00:00,12.0,11.720168114575259
2016-11-23 16:00:00,12.0,16.12604276194432
2016-11-23 17:00:00,13.0,4.302184551942361
2016-11-23 18:00:00,8.0,8.754685113754391
2016-11-23 19:00:00,9.0,9.071806457962396
2016-11-23 20:00:00,9.0,3.4003515264537754
2016-11-23 21:00:00,7.0,6.163573574862738
2016-11-23 22:00:00,13.0,9.841184124557131
2016-11-23 23:00:00,15.0,10.034568419031842
2016-11-24 00:00:00,17.0,17.36600634206377
2016-11-24 01:00:00,13.0,11.900377899906005
2016-11-24 02:00:00,16.0,14.452867422243997
2016-11-24 03:00:00,12.0,7.806381118463548
2016-11-24 04:00:00,20.0,18.070660295448747
2016-11-24 05:00:00,19.0,13.757165310840094
2016-11-24 06:00:00,19.0,22.543550374818267
2016-11-24 07:00:00,18.0,19.64359984200756
2016-11-24 08:00:00,25.0,27.882905113038277
2016-11-24 09:00:00,32.0,31.294635339280532
2016-11-24 10:00:00,36.0,38.17522445330728
2016-11-24 11:00:00,46.0,47.440236911110844
2016-11-24 12:00:00,71.0,61.438436654701476
2016-11-24 13:00:00,80.0,71.58572535292718
2016-11-24 14:00:00,76.0,76.7423843930119
2016-11-24 15:00:00,72.0,75.07998853011695
2016-11-24 16:00:00,68.0,68.9314585380033
2016-11-24 17:00:00,88.0,82.47190922021828
2016-11-24 18:00:00,104.0,91.07055171409552
2016-11-24 19:00:00,137.0,129.7974539511422
2016-11-24 20:00:00,167.0,150.8480273620421
2016-11-24 21:00:00,191.0,183.07306224749516
2016-11-24 22:00:00,195.0,192.4491430069702
2016-11-24 23:00:00,182.0,192.6236805329151
2016-11-25 00:00:00,214.0,214.7386157419378
2016-11-25 01:00:00,190.0,181.73184889961232
2016-11-25 02:00:00,170.0,194.20704769859458
2016-11-25 03:00:00,161.0,160.78757338019415
2016-11-25 04:00:00,156.0,153.69059973350357
2016-11-25 05:00:00,149.0,153.59937925381303
2016-11-25 06:00:00,107.0,114.82672941729307
2016-11-25 07:00:00,79.0,93.14268957261156
2016-11-25 08:00:00,82.0,76.95681184659507
2016-11-25 09:00:00,86.0,79.4892762831124
2016-11-25 10:00:00,93.0,96.04162136759847
2016-11-25 11:00:00,107.0,104.98647171818392
2016-11-25 12:00:00,109.0,107.61305653767745
2016-11-25 13:00:00,110.0,117.10989539397572
2016-11-25 14:00:00,107.0,109.86081824863466
2016-11-25 15:00:00,111.0,113.44327910635907
2016-11-25 16:00:00,128.0,125.48947055189184
2016-11-25 17:00:00,167.0,156.21532270690545
2016-11-25 18:00:00,209.0,191.01119217514002
2016-11-25 19:00:00,233.0,225.15249483409775
2016-11-25 20:00:00,278.0,267.58828845099094
2016-11-25 21:00:00,306.0,283.1335695250725
2016-11-25 22:00:00,308.0,307.7651090770026
2016-11-25 23:00:00,318.0,315.69290361762603
2016-11-26 00:00:00,322.0,312.1049466421934
2016-11-26 01:00:00,312.0,320.7599952554235
2016-11-26 02:00:00,312.0,316.52406495605027
2016-11-26 03:00:00,318.0,311.85057817579104
2016-11-26 04:00:00,325.0,320.3316272750925
2016-11-26 05:00:00,325.0,323.41557795909273
2016-11-26 06:00:00,316.0,318.46562660137704
2016-11-26 07:00:00,288.0,293.9348778575198
2016-11-26 08:00:00,276.0,284.5074856202749
2016-11-26 09:00:00,282.0,277.88224137218754
2016-11-26 10:00:00,281.0,280.22617070048176
2016-11-26 11:00:00,298.0,299.43710170361743
2016-11-26 12:00:00,197.0,213.94985263062966
2016-11-26 13:00:00,140.0,195.88956558889936
2016-11-26 14:00:00,265.0,217.4224628742221
2016-11-26 15:00:00,205.0,166.79998087733452
2016-11-26 16:00:00,191.0,264.8976655150891
2016-11-26 17:00:00,240.0,211.11847272277288
2016-11-26 18:00:00,238.0,224.7201321474002
2016-11-26 19:00:00,270.0,290.3082855709103
2016-11-26 20:00:00,294.0,275.5610165007917
2016-11-26 21:00:00,308.0,310.654586713475
2016-11-26 22:00:00,326.0,325.69518175847816
2016-11-26 23:00:00,341.0,334.08213365137243
2016-11-27 00:00:00,363.0,358.51533677441034
2016-11-27 01:00:00,328.0,334.2199701926241
2016-11-27 02:00:00,186.0,222.74562135631555
2016-11-27 03:00:00,46.0,95.46006041364278
2016-11-27 04:00:00,80.0,68.0857237800707
2016-11-27 05:00:00,49.0,13.518696058486881
2016-11-27 06:00:00,55.0,92.55488894064585
2016-11-27 07:00:00,70.0,53.68234668202304
2016-11-27 08:00:00,35.0,36.30362588366266
2016-11-27 09:00:00,15.0,32.88177857991349
2016-11-27 10:00:00,10.0,1.9670662618657815
2016-11-27 11:00:00,8.0,4.395512320495541
2016-11-27 12:00:00,13.0,11.824771532244
2016-11-27 13:00:00,12.0,8.330771368238402
2016-11-27 14:00:00,12.0,13.296596290612356
2016-11-27 15:00:00,14.0,11.84719838797642
2016-11-27 16:00:00,9.0,7.369419060460402
2016-11-27 17:00:00,9.0,9.460779917808935
2016-11-27 18:00:00,6.0,5.525240648721592
2016-11-27 19:00:00,17.0,15.19749140416883
2016-11-27 20:00:00,21.0,15.699089935773571
2016-11-27 21:00:00,27.0,28.343564858238707
2016-11-27 22:00:00,22.0,22.05952649343756
2016-11-27 23:00:00,22.0,25.312600549534196
2016-11-28 00:00:00,17.0,16.097738274236633
2016-11-28 01:00:00,18.0,20.92555085889795
2016-11-28 02:00:00,25.0,21.378466560820712
2016-11-28 03:00:00,46.0,39.26857919605551
2016-11-28 04:00:00,57.0,52.028502969838925
2016-11-28 05:00:00,59.0,66.80423795622725
2016-11-28 06:00:00,69.0,76.47092283013713
2016-11-28 07:00:00,69.0,71.24315152835909
2016-11-28 08:00:00,29.0,40.39673674910135
2016-11-28 09:00:00,26.0,39.678212284425214
2016-11-28 10:00:00,39.0,28.368210404637267
2016-11-28 11:00:00,38.0,37.85134110280842
2016-11-28 12:00:00,40.0,46.97916109962263
2016-11-28 13:00:00,42.0,41.06422705579428
2016-11-28 14:00:00,56.0,54.31061246893994
2016-11-28 15:00:00,67.0,62.71369371312652
2016-11-28 16:00:00,81.0,82.89710817250456
2016-11-28 17:00:00,92.0,93.51375532982756
2016-11-28 18:00:00,94.0,102.52154592172842
2016-11-28 19:00:00,94.0,101.7114672879291
2016-11-28 20:00:00,75.0,79.74580234948577
2016-11-28 21:00:00,69.0,80.09945525315071
2016-11-28 22:00:00,98.0,87.62229965842677
2016-11-28 23:00:00,108.0,98.97482439200944
2016-11-29 00:00:00,117.0,127.7577669528839
2016-11-29 01:00:00,111.0,116.97135988042628
2016-11-29 02:00:00,110.0,118.06418332363116
2016-11-29 03:00:00,109.0,112.36927453718069
2016-11-29 04:00:00,106.0,111.62012153830649
2016-11-29 05:00:00,98.0,103.05376284840527
2016-11-29 06:00:00,53.0,61.58454602489253
2016-11-29 07:00:00,38.0,50.65193278857126
2016-11-29 08:00:00,34.0,27.63844737855942
2016-11-29 09:00:00,41.0,42.522214666949424
2016-11-29 10:00:00,56.0,55.47632067833962
2016-11-29 11:00:00,108.0,99.8458229570413
2016-11-29 12:00:00,162.0,140.46166206311523
2016-11-29 13:00:00,165.0,170.21413874748322
2016-11-29 14:00:00,149.0,173.88004870291314
2016-11-29 15:00:00,121.0,133.0399714884636
2016-11-29 16:00:00,124.0,129.60276781716306
2016-11-29 17:00:00,101.0,100.81324116232479
2016-11-29 18:00:00,93.0,108.84445737247991
2016-11-29 19:00:00,124.0,119.58086231349425
2016-11-29 20:00:00,166.0,147.44344384355117
2016-11-29 21:00:00,156.0,161.08026829850382
2016-11-29 22:00:00,151.0,175.21164382389736
2016-11-29 23:00:00,146.0,148.71577350772031
2016-11-30 00:00:00,143.0,148.10722931817185
2016-11-30 01:00:00,123.0,129.67614560524328
2016-11-30 02:00:00,91.0,103.60369694444613
2016-11-30 03:00:00,96.0,99.50589057712138
2016-11-30 04:00:00,103.0,93.42086628631809
2016-11-30 05:00:00,114.0,117.66659285125978
2016-11-30 06:00:00,141.0,137.96821129838395
2016-11-30 07:00:00,143.0,141.91166156490317
2016-11-30 08:00:00,134.0,151.11652188352872
2016-11-30 09:00:00,129.0,138.76324400452688
2016-11-30 10:00:00,129.0,133.55234864589647
2016-11-30 11:00:00,138.0,140.02165020980817
2016-11-30 12:00:00,156.0,156.46001134122764
2016-11-30 13:00:00,184.0,174.27795997861108
2016-11-30 14:00:00,151.0,154.69089685194325
2016-11-30 15:00:00,130.0,151.4686953961314
2016-11-30 16:00:00,97.0,93.09332580510225
2016-11-30 17:00:00,12.0,29.04851393605324
2016-11-30 18:00:00,6.0,20.40698931776052
2016-11-30 19:00:00,4.0,-20.91096528521878
2016-11-30 20:00:00,10.0,11.982090223390955
2016-11-30 21:00:00,3.0,1.5821254070728656
2016-11-30 22:00:00,8.0,5.6963915055187755
2016-11-30 23:00:00,9.0,2.0656131034895253
2016-12-01 00:00:00,10.0,9.437417943760849
2016-12-01 01:00:00,9.0,5.409685251567126
2016-12-01 02:00:00,10.0,6.077102905881844
2016-12-01 03:00:00,4.0,1.8879697260058208
2016-12-01 04:00:00,5.0,4.653577906120148
2016-12-01 05:00:00,7.0,3.2373383939969926
2016-12-01 06:00:00,7.0,5.297547541471076
2016-12-01 07:00:00,9.0,7.826587198829543
2016-12-01 08:00:00,9.0,7.158269111715526
2016-12-01 09:00:00,12.0,11.375067945988079
2016-12-01 10:00:00,10.0,7.453913268074899
2016-12-01 11:00:00,3.0,3.6544614110823375
2016-12-01 12:00:00,11.0,6.554229118359402
2016-12-01 13:00:00,11.0,2.291652497476875
2016-12-01 14:00:00,8.0,9.021180184544619
2016-12-01 15:00:00,7.0,5.1286914883410475
2016-12-01 16:00:00,7.0,2.809038722890733
2016-12-01 17:00:00,10.0,9.891473121711272
2016-12-01 18:00:00,41.0,35.590545059150756
2016-12-01 19:00:00,79.0,59.47374070783583
2016-12-01 20:00:00,95.0,89.78336635560011
2016-12-01 21:00:00,108.0,110.6713860794048
2016-12-01 22:00:00,115.0,112.46305886344128
2016-12-01 23:00:00,131.0,126.62830939728401
2016-12-02 00:00:00,133.0,126.75795718058647
2016-12-02 01:00:00,110.0,119.26296639981511
2016-12-02 02:00:00,84.0,94.38152794623308
2016-12-02 03:00:00,62.0,63.10847881794059
2016-12-02 04:00:00,53.0,53.43153409537916
2016-12-02 05:00:00,45.0,43.51899623255028
2016-12-02 06:00:00,26.0,29.21818831728912
2016-12-02 07:00:00,18.0,21.779169275338035
2016-12-02 08:00:00,31.0,25.624506532682645
2016-12-02 09:00:00,24.0,19.985285621814242
2016-12-02 10:00:00,21.0,29.563734286253208
2016-12-02 11:00:00,32.0,27.070347198061256
2016-12-02 12:00:00,43.0,34.787768268506085
2016-12-02 13:00:00,43.0,42.988084756804014
2016-12-02 14:00:00,46.0,48.00939985394298
2016-12-02 15:00:00,55.0,50.49070024904587
2016-12-02 16:00:00,65.0,63.53830401060394
2016-12-02 17:00:00,104.0,97.29386701478366
2016-12-02 18:00:00,153.0,130.5033818333705
2016-12-02 19:00:00,172.0,163.16170420012156
2016-12-02 20:00:00,175.0,184.27504692836288
2016-12-02 21:00:00,199.0,195.21788386402937
2016-12-02 22:00:00,212.0,196.76465843534373
2016-12-02 23:00:00,174.0,184.5206974055646
2016-12-03 00:00:00,145.0,161.72117838735755
2016-12-03 01:00:00,142.0,136.71024385900478
2016-12-03 02:00:00,159.0,149.58904494356625
2016-12-03 03:00:00,153.0,149.92033503427956
2016-12-03 04:00:00,95.0,109.67651782877361
2016-12-03 05:00:00,93.0,102.22979427949765
2016-12-03 06:00:00,89.0,72.65898626279336
2016-12-03 07:00:00,107.0,110.58215023806558
2016-12-03 08:00:00,88.0,87.0323642845075
2016-12-03 09:00:00,58.0,73.25919483540427
2016-12-03 10:00:00,70.0,68.29053481361468
2016-12-03 11:00:00,79.0,63.48383000765675
2016-12-03 12:00:00,116.0,109.30558458360129
2016-12-03 13:00:00,154.0,132.05460472031723
2016-12-03 14:00:00,180.0,172.03576527197907
2016-12-03 15:00:00,217.0,213.1492517299372
2016-12-03 16:00:00,254.0,238.68796647727635
2016-12-03 17:00:00,293.0,283.1310405281949
2016-12-03 18:00:00,355.0,335.10143146400094
2016-12-03 19:00:00,358.0,345.2725479369985
2016-12-03 20:00:00,384.0,394.04249635380773
2016-12-03 21:00:00,413.0,391.221973343634
2016-12-03 22:00:00,450.0,436.73242321132125
2016-12-03 23:00:00,510.0,484.50861921145514
2016-12-04 00:00:00,518.0,498.72943556685397
2016-12-04 01:00:00,530.0,536.9442761183577
2016-12-04 02:00:00,518.0,509.23684273454654
2016-12-04 03:00:00,519.0,517.346996645082
2016-12-04 04:00:00,510.0,497.9903158503857
2016-12-04 05:00:00,463.0,464.91334444719604
2016-12-04 06:00:00,448.0,451.6886774470776
2016-12-04 07:00:00,403.0,394.43096094627805
2016-12-04 08:00:00,351.0,367.76316375485857
2016-12-04 09:00:00,333.0,336.47069351749377
2016-12-04 10:00:00,337.0,326.3133710312168
2016-12-04 11:00:00,277.0,284.4523122671185
2016-12-04 12:00:00,256.0,278.6012008232507
2016-12-04 13:00:00,230.0,220.53163968334667
2016-12-04 14:00:00,160.0,176.5370913651655
2016-12-04 15:00:00,87.0,113.16033125333804
2016-12-04 16:00:00,63.0,70.30357664042903
2016-12-04 17:00:00,128.0,100.7751203741483
2016-12-04 18:00:00,106.0,92.05146253046694
2016-12-04 19:00:00,200.0,205.1420231806257
2016-12-04 20:00:00,230.0,174.4613668454947
2016-12-04 21:00:00,241.0,260.89362941567583
2016-12-04 22:00:00,269.0,266.042229267522
2016-12-04 23:00:00,263.0,254.8674744645487
2016-12-05 00:00:00,160.0,186.73649942111626
2016-12-05 01:00:00,104.0,133.41073348334777
2016-12-05 02:00:00,86.0,67.44361620703488
2016-12-05 03:00:00,71.0,68.23015953342507
2016-12-05 04:00:00,71.0,77.05708345431087
2016-12-05 05:00:00,68.0,65.52871230199925
2016-12-05 06:00:00,69.0,72.90639176018838
2016-12-05 07:00:00,81.0,78.76761667393437
2016-12-05 08:00:00,69.0,65.62592534298877
2016-12-05 09:00:00,19.0,35.14433612983959
2016-12-05 10:00:00,9.0,18.548276616786126
2016-12-05 11:00:00,12.0,-1.927320102376683
2016-12-05 12:00:00,3.0,3.272087546594662
2016-12-05 13:00:00,5.0,7.663638259410121
2016-12-05 14:00:00,4.0,-2.748061476839183
2016-12-05 15:00:00,5.0,4.048165041982045
2016-12-05 16:00:00,7.0,3.4635586390133426
2016-12-05 17:00:00,4.0,1.603691737706228
2016-12-05 18:00:00,9.0,7.894256262040599
2016-12-05 19:00:00,7.0,3.778939096273774
2016-12-05 20:00:00,16.0,14.857405775884942
2016-12-05 21:00:00,13.0,9.679642993431472
2016-12-05 22:00:00,15.0,18.375236319099102
2016-12-05 23:00:00,17.0,14.059102254232627
2016-12-06 00:00:00,18.0,19.718614375570667
2016-12-06 01:00:00,33.0,30.650583023313033
2016-12-06 02:00:00,34.0,27.362009747140107
2016-12-06 03:00:00,32.0,36.10374248126526
2016-12-06 04:00:00,33.0,31.638358818497935
2016-12-06 05:00:00,61.0,49.59054842074609
2016-12-06 06:00:00,69.0,60.323430469791234
2016-12-06 07:00:00,60.0,75.07492590955492
2016-12-06 08:00:00,71.0,76.78399345372166
2016-12-06 09:00:00,76.0,73.48284269975584
2016-12-06 10:00:00,77.0,86.09135445354762
2016-12-06 11:00:00,84.0,86.55175883718128
2016-12-06 12:00:00,72.0,73.42488715300617
2016-12-06 13:00:00,76.0,83.29923837677426
2016-12-06 14:00:00,94.0,86.75686722275783
2016-12-06 15:00:00,115.0,108.12731176493118
2016-12-06 16:00:00,112.0,113.49703298570988
2016-12-06 17:00:00,118.0,125.66348833090673
2016-12-06 18:00:00,114.0,115.56675530080737
2016-12-06 19:00:00,139.0,141.57017355042012
2016-12-06 20:00:00,155.0,145.2102843132683
2016-12-06 21:00:00,158.0,164.95756480630735
2016-12-06 22:00:00,149.0,158.67188995125161
2016-12-06 23:00:00,163.0,165.80289327974043
2016-12-07 00:00:00,158.0,154.50096710690622
2016-12-07 01:00:00,152.0,161.42994083322367
2016-12-07 02:00:00,140.0,144.09664955193892
2016-12-07 03:00:00,142.0,147.8719499398577
2016-12-07 04:00:00,129.0,131.68014694800155
2016-12-07 05:00:00,114.0,123.81678310238316
2016-12-07 06:00:00,108.0,111.53557652461653
2016-12-07 07:00:00,83.0,86.50044120043366
2016-12-07 08:00:00,64.0,79.54976754009498
2016-12-07 09:00:00,77.0,78.09442288955496
2016-12-07 10:00:00,78.0,75.11957122621574
2016-12-07 11:00:00,137.0,129.50898469860067
2016-12-07 12:00:00,149.0,123.73835660244212
2016-12-07 13:00:00,105.0,129.68660515315133
2016-12-07 14:00:00,108.0,121.37127439507096
2016-12-07 15:00:00,117.0,101.7410616564003
2016-12-07 16:00:00,175.0,164.17660226899937
2016-12-07 17:00:00,225.0,191.6375643743595
2016-12-07 18:00:00,188.0,197.40366284730976
2016-12-07 19:00:00,174.0,201.98604927079822
2016-12-07 20:00:00,181.0,167.75880345548097
2016-12-07 21:00:00,177.0,170.9072965517666
2016-12-07 22:00:00,173.0,176.55603090736105
2016-12-07 23:00:00,198.0,184.77603081317966
2016-12-08 00:00:00,211.0,190.87488116471837
2016-12-08 01:00:00,220.0,217.67947757500406
2016-12-08 02:00:00,229.0,227.26350239799353
2016-12-08 03:00:00,227.0,227.32581863853864
2016-12-08 04:00:00,211.0,216.90249385841872
2016-12-08 05:00:00,197.0,201.58861840705788
2016-12-08 06:00:00,181.0,182.55845858987612
2016-12-08 07:00:00,179.0,182.4089493695531
2016-12-08 08:00:00,179.0,177.9076137341121
2016-12-08 09:00:00,187.0,188.1816770784173
2016-12-08 10:00:00,136.0,141.45493243779225
2016-12-08 11:00:00,15.0,49.78191247838474
2016-12-08 12:00:00,11.0,23.278013668522746
2016-12-08 13:00:00,6.0,-27.53015957914309
2016-12-08 14:00:00,5.0,16.005085767709886
2016-12-08 15:00:00,6.0,5.188419206228929
2016-12-08 16:00:00,4.0,-1.2392784885645227
2016-12-08 17:00:00,10.0,7.426498769458291
2016-12-08 18:00:00,15.0,8.41251392075283
2016-12-08 19:00:00,8.0,9.485339301883172
2016-12-08 20:00:00,19.0,16.533053672868462
2016-12-08 21:00:00,5.0,-1.709987655934981
2016-12-08 22:00:00,5.0,9.074870468134705
2016-12-08 23:00:00,4.0,-4.169065972808383
2016-12-09 00:00:00,3.0,1.4868762606372599
2016-12-09 01:00:00,9.0,4.4889524420128595
2016-12-09 02:00:00,11.0,5.659822575441993
2016-12-09 03:00:00,9.0,6.784821775112633
2016-12-09 04:00:00,9.0,6.495925532511265
2016-12-09 05:00:00,8.0,3.3058316771687117
2016-12-09 06:00:00,5.0,3.1157531295403658
2016-12-09 07:00:00,7.0,4.159553132307309
2016-12-09 08:00:00,12.0,6.1991241861175865
2016-12-09 09:00:00,12.0,9.590062888664121
2016-12-09 10:00:00,15.0,13.783205039614941
2016-12-09 11:00:00,22.0,15.847658704480068
2016-12-09 12:00:00,10.0,8.949283812346579
2016-12-09 13:00:00,13.0,14.68750332435664
2016-12-09 14:00:00,9.0,1.4016382936234777
2016-12-09 15:00:00,9.0,9.903004847378824
2016-12-09 16:00:00,19.0,16.522418766894532
2016-12-09 17:00:00,35.0,27.57397325042598
2016-12-09 18:00:00,38.0,37.152865845104
2016-12-09 19:00:00,45.0,49.99282841136343
2016-12-09 20:00:00,53.0,49.54916588158082
2016-12-09 21:00:00,54.0,55.21743739821481
2016-12-09 22:00:00,54.0,57.23976118013198
2016-12-09 23:00:00,56.0,56.36967034698385
2016-12-10 00:00:00,62.0,59.96940640365928
2016-12-10 01:00:00,71.0,69.52492186631748
2016-12-10 02:00:00,69.0,69.47882950089145
2016-12-10 03:00:00,73.0,74.92626528686075
2016-12-10 04:00:00,26.0,29.74982866283389
2016-12-10 05:00:00,19.0,32.607613797808625
2016-12-10 06:00:00,25.0,9.252793371538601
2016-12-10 07:00:00,17.0,16.374891228300925
2016-12-10 08:00:00,20.0,26.209412898399634
2016-12-10 09:00:00,19.0,13.776529054424955
2016-12-10 10:00:00,18.0,21.103409297381106
2016-12-10 11:00:00,31.0,27.188406885515562
2016-12-10 12:00:00,46.0,34.77927009580196
2016-12-10 13:00:00,44.0,43.468459860041406
2016-12-10 14:00:00,45.0,48.63123619414603
2016-12-10 15:00:00,41.0,39.2761885638286
2016-12-10 16:00:00,41.0,42.823093810184005
2016-12-10 17:00:00,46.0,45.400024734264136
2016-12-10 18:00:00,47.0,48.566639997584915
2016-12-10 19:00:00,52.0,55.140031039476085
2016-12-10 20:00:00,56.0,56.846987576553445
2016-12-10 21:00:00,59.0,62.95972154386472
2016-12-10 22:00:00,69.0,69.90659340897928
2016-12-10 23:00:00,71.0,69.32989182242572
2016-12-11 00:00:00,94.0,93.8436102866756
2016-12-11 01:00:00,106.0,97.25428273903525
2016-12-11 02:00:00,89.0,100.17363216122176
2016-12-11 03:00:00,145.0,141.85595486506207
2016-12-11 04:00:00,184.0,149.35156253303768
2016-12-11 05:00:00,186.0,197.02330545346143
2016-12-11 06:00:00,186.0,202.02913785102686
2016-12-11 07:00:00,156.0,161.94831014646144
2016-12-11 08:00:00,121.0,139.185517813851
2016-12-11 09:00:00,132.0,133.73530118849794
2016-12-11 10:00:00,134.0,125.05377914345856
2016-12-11 11:00:00,157.0,160.06758620655017
2016-12-11 12:00:00,169.0,160.91741382831333
2016-12-11 13:00:00,191.0,193.3639009015228
2016-12-11 14:00:00,230.0,215.72492004786358
2016-12-11 15:00:00,215.0,212.93232763733755
2016-12-11 16:00:00,224.0,239.1957564806816
2016-12-11 17:00:00,228.0,215.34553766423437
2016-12-11 18:00:00,206.0,212.60480698197676
2016-12-11 19:00:00,197.0,207.1784480026186
2016-12-11 20:00:00,198.0,193.2507446347127
2016-12-11 21:00:00,217.0,210.25764320131833
2016-12-11 22:00:00,235.0,225.38789881441835
2016-12-11 23:00:00,243.0,240.6535678610685
2016-12-12 00:00:00,221.0,226.36748197654816
2016-12-12 01:00:00,217.0,223.44021612564364
2016-12-12 02:00:00,219.0,209.62840730536072
2016-12-12 03:00:00,214.0,211.46291917735147
2016-12-12 04:00:00,213.0,212.79483648383007
2016-12-12 05:00:00,213.0,207.08265706740826
2016-12-12 06:00:00,216.0,212.63655764667197
2016-12-12 07:00:00,218.0,214.5744419168729
2016-12-12 08:00:00,219.0,217.7279102161745
2016-12-12 09:00:00,228.0,225.06922628307126
2016-12-12 10:00:00,233.0,227.90756234840728
2016-12-12 11:00:00,244.0,243.78849044794435
2016-12-12 12:00:00,257.0,249.69939765703333
2016-12-12 13:00:00,226.0,227.6026742597303
2016-12-12 14:00:00,223.0,230.82687621381922
2016-12-12 15:00:00,194.0,184.45836749857074
2016-12-12 16:00:00,167.0,176.07070919935188
2016-12-12 17:00:00,182.0,175.62499347004086
2016-12-12 18:00:00,234.0,200.95659429742568
2016-12-12 19:00:00,221.0,207.4348280413538
2016-12-12 20:00:00,196.0,219.1007317092642
2016-12-12 21:00:00,184.0,183.49702133357488
2016-12-12 22:00:00,170.0,166.19844594902958
2016-12-12 23:00:00,175.0,175.07955179368582
2016-12-13 00:00:00,189.0,177.65932511560158
2016-12-13 01:00:00,183.0,179.6451084601547
2016-12-13 02:00:00,159.0,167.7465557960483
2016-12-13 03:00:00,209.0,198.7966309382184
2016-12-13 04:00:00,162.0,143.2924142830368
2016-12-13 05:00:00,33.0,83.13639852509802
2016-12-13 06:00:00,13.0,28.6559707195905
2016-12-13 07:00:00,9.0,-25.720950781508108
2016-12-13 08:00:00,3.0,11.249468630483179
2016-12-13 09:00:00,8.0,11.377820745403483
2016-12-13 10:00:00,6.0,0.08873651577317787
2016-12-13 11:00:00,10.0,11.364706599508665
2016-12-13 12:00:00,13.0,9.555300625922115
2016-12-13 13:00:00,22.0,19.377654239685626
2016-12-13 14:00:00,15.0,14.624285879536131
2016-12-13 15:00:00,12.0,19.69384289839026
2016-12-13 16:00:00,3.0,3.8274771904705602
2016-12-13 17:00:00,3.0,19.49587848151583
2016-12-13 18:00:00,15.0,10.253761422127255
2016-12-13 19:00:00,10.0,7.623868302511809
2016-12-13 20:00:00,12.0,15.633305581841626
2016-12-13 21:00:00,25.0,17.880882038136107
2016-12-13 22:00:00,32.0,24.08098700964713
2016-12-13 23:00:00,18.0,19.6672163838426
2016-12-14 00:00:00,19.0,20.50181253969903
2016-12-14 01:00:00,12.0,3.3764346251557527
2016-12-14 02:00:00,9.0,8.382706668335501
2016-12-14 03:00:00,10.0,4.020128237605206
2016-12-14 04:00:00,7.0,2.303321891680241
2016-12-14 05:00:00,5.0,3.794786085386633
2016-12-14 06:00:00,6.0,2.5958096172222156
2016-12-14 07:00:00,7.0,4.427928622800508
2016-12-14 08:00:00,12.0,10.270501634417982
2016-12-14 09:00:00,16.0,12.648637503461714
2016-12-14 10:00:00,16.0,14.828863675250716
2016-12-14 11:00:00,19.0,17.760281126104886
2016-12-14 12:00:00,18.0,15.412664930196627
2016-12-14 13:00:00,14.0,13.939217434152866
2016-12-14 14:00:00,12.0,10.728476906838694
2016-12-14 15:00:00,14.0,11.26477639100402
2016-12-14 16:00:00,22.0,19.889928097656266
2016-12-14 17:00:00,36.0,31.321806279391836
2016-12-14 18:00:00,51.0,45.291817089236176
2016-12-14 19:00:00,44.0,44.49968017826083
2016-12-14 20:00:00,47.0,53.00088345197969
2016-12-14 21:00:00,60.0,50.04593621379142
2016-12-14 22:00:00,67.0,60.50975795805316
2016-12-14 23:00:00,74.0,72.47697107319509
2016-12-15 00:00:00,73.0,72.0377088821288
2016-12-15 01:00:00,74.0,77.42442715424902
2016-12-15 02:00:00,112.0,103.69356196678525
2016-12-15 03:00:00,67.0,61.09837772324222
2016-12-15 04:00:00,55.0,80.88418129613449
2016-12-15 05:00:00,44.0,31.765895320175446
2016-12-15 06:00:00,17.0,23.57069031819725
2016-12-15 07:00:00,9.0,16.7173871354979
2016-12-15 08:00:00,10.0,2.6763350918644875
2016-12-15 09:00:00,8.0,6.415044834023718
2016-12-15 10:00:00,9.0,9.598745618003534
2016-12-15 11:00:00,5.0,3.7317651863122308
2016-12-15 12:00:00,7.0,6.030639467448836
2016-12-15 13:00:00,5.0,1.767234783009016
2016-12-15 14:00:00,6.0,5.149377075679951
2016-12-15 15:00:00,6.0,3.7801612340622626
2016-12-15 16:00:00,5.0,2.9581277535808965
2016-12-15 17:00:00,7.0,4.552307503608631
2016-12-15 18:00:00,11.0,7.923259624537678
2016-12-15 19:00:00,22.0,18.100764523909504
2016-12-15 20:00:00,25.0,23.10323849727024
2016-12-15 21:00:00,28.0,31.133189792040184
2016-12-15 22:00:00,29.0,29.494678873601245
2016-12-15 23:00:00,26.0,26.342613069708747
2016-12-16 00:00:00,22.0,25.1473155553211
2016-12-16 01:00:00,28.0,27.66020561243033
2016-12-16 02:00:00,41.0,34.08178815163319
2016-12-16 03:00:00,51.0,47.65006653782805
2016-12-16 04:00:00,44.0,48.324733473987706
2016-12-16 05:00:00,34.0,41.09762211451714
2016-12-16 06:00:00,26.0,26.551872749193407
2016-12-16 07:00:00,15.0,15.25717529734196
2016-12-16 08:00:00,13.0,14.447182066089226
2016-12-16 09:00:00,16.0,15.248121888472042
2016-12-16 10:00:00,25.0,23.555014909638473
2016-12-16 11:00:00,31.0,29.819904008343883
2016-12-16 12:00:00,39.0,40.011965578153536
2016-12-16 13:00:00,49.0,47.52483672196462
2016-12-16 14:00:00,67.0,64.38240769445552
2016-12-16 15:00:00,130.0,113.32235051806957
2016-12-16 16:00:00,187.0,152.54271136650675
2016-12-16 17:00:00,186.0,187.50168904289768
2016-12-16 18:00:00,201.0,216.29338557024954
2016-12-16 19:00:00,222.0,207.09654724734668
2016-12-16 20:00:00,222.0,217.44100621256752
2016-12-16 21:00:00,165.0,179.25387957603584
2016-12-16 22:00:00,114.0,136.11199601825945
2016-12-16 23:00:00,112.0,107.92303856077321
2016-12-17 00:00:00,135.0,119.74788105773315
2016-12-17 01:00:00,159.0,150.91298684238546
2016-12-17 02:00:00,190.0,178.88233646956832
2016-12-17 03:00:00,168.0,167.8381207910424
2016-12-17 04:00:00,166.0,182.15723828565996
2016-12-17 05:00:00,151.0,147.0672907485058
2016-12-17 06:00:00,140.0,148.4630657196762
2016-12-17 07:00:00,130.0,132.08554133195776
2016-12-17 08:00:00,94.0,99.32959997182986
2016-12-17 09:00:00,89.0,96.99928616730331
2016-12-17 10:00:00,96.0,87.03231466102993
2016-12-17 11:00:00,142.0,128.2905878087834
2016-12-17 12:00:00,194.0,166.1078360087077
2016-12-17 13:00:00,225.0,213.79455909590234
2016-12-17 14:00:00,261.0,256.1601847426552
2016-12-17 15:00:00,265.0,258.59641548376027
2016-12-17 16:00:00,261.0,272.82088583668303
2016-12-17 17:00:00,255.0,256.00085666689057
2016-12-17 18:00:00,268.0,261.758987441418
2016-12-17 19:00:00,295.0,278.73495181404724
2016-12-17 20:00:00,333.0,311.44691429121076
2016-12-17 21:00:00,333.0,323.694931042949
2016-12-17 22:00:00,352.0,357.6588595582788
2016-12-17 23:00:00,379.0,360.22877684566424
2016-12-18 00:00:00,347.0,350.1290000152259
2016-12-18 01:00:00,309.0,331.47374528628126
2016-12-18 02:00:00,240.0,243.88010764145344
2016-12-18 03:00:00,174.0,192.5518535536475
2016-12-18 04:00:00,201.0,195.86247012881591
2016-12-18 05:00:00,249.0,208.71527235418432
2016-12-18 06:00:00,238.0,237.6662857423184
2016-12-18 07:00:00,201.0,224.08884654828876
2016-12-18 08:00:00,191.0,194.10127453549376
2016-12-18 09:00:00,182.0,175.3529232563514
2016-12-18 10:00:00,187.0,189.91716605853566
2016-12-18 11:00:00,220.0,205.94806878506682
2016-12-18 12:00:00,228.0,215.04709115165474
2016-12-18 13:00:00,206.0,219.3027427469774
2016-12-18 14:00:00,204.0,211.45614164804482
2016-12-18 15:00:00,201.0,195.55114454475148
2016-12-18 16:00:00,203.0,206.13449586133936
2016-12-18 17:00:00,195.0,196.70069121984858
2016-12-18 18:00:00,223.0,218.79693286057233
2016-12-18 19:00:00,241.0,223.7171857544642
2016-12-18 20:00:00,241.0,246.2420164973741
2016-12-18 21:00:00,234.0,242.72043039942702
2016-12-18 22:00:00,245.0,249.17103737710352
2016-12-18 23:00:00,314.0,289.3869613195099
2016-12-19 00:00:00,259.0,250.3627698373843
2016-12-19 01:00:00,236.0,276.9085193202971
2016-12-19 02:00:00,251.0,233.47831118111833
2016-12-19 03:00:00,274.0,257.64945741693606
2016-12-19 04:00:00,284.0,283.2698506880666
2016-12-19 05:00:00,287.0,291.84939393370854
2016-12-19 06:00:00,289.0,292.21476699962074
2016-12-19 07:00:00,279.0,283.52253669201525
2016-12-19 08:00:00,246.0,259.5550294046001
2016-12-19 09:00:00,227.0,239.74889207239124
2016-12-19 10:00:00,191.0,195.18316929291194
2016-12-19 11:00:00,156.0,169.16646169270274
2016-12-19 12:00:00,162.0,161.49822918374252
2016-12-19 13:00:00,176.0,162.60634049948175
2016-12-19 14:00:00,184.0,184.2686614284287
2016-12-19 15:00:00,171.0,177.94509433575786
2016-12-19 16:00:00,181.0,186.28503508924138
2016-12-19 17:00:00,214.0,198.3618638668787
2016-12-19 18:00:00,209.0,204.29114903497475
2016-12-19 19:00:00,218.0,230.89350479185447
2016-12-19 20:00:00,237.0,227.6205537814945
2016-12-19 21:00:00,260.0,251.44008106660078
2016-12-19 22:00:00,263.0,261.6495966402066
2016-12-19 23:00:00,254.0,263.518189529567
2016-12-20 00:00:00,247.0,254.2478414683116
2016-12-20 01:00:00,365.0,331.9202806205198
2016-12-20 02:00:00,419.0,355.107413887836
2016-12-20 03:00:00,440.0,457.33871731262246
2016-12-20 04:00:00,395.0,413.62700235758916
2016-12-20 05:00:00,352.0,377.342916663428
2016-12-20 06:00:00,332.0,336.2126660065206
2016-12-20 07:00:00,289.0,295.7426610351975
2016-12-20 08:00:00,269.0,286.2968589792244
2016-12-20 09:00:00,258.0,257.5367392506578
2016-12-20 10:00:00,234.0,240.7307084861157
2016-12-20 11:00:00,192.0,207.12078715371547
2016-12-20 12:00:00,248.0,240.69038057030173
2016-12-20 13:00:00,321.0,268.7454896757552
2016-12-20 14:00:00,313.0,314.20940371460415
2016-12-20 15:00:00,346.0,367.6445537600342
2016-12-20 16:00:00,360.0,341.14745796992344
2016-12-20 17:00:00,403.0,402.4355578998177
2016-12-20 18:00:00,386.0,383.51161678223315
2016-12-20 19:00:00,380.0,403.67360241244194
2016-12-20 20:00:00,373.0,372.59618510851493
2016-12-20 21:00:00,374.0,379.2233556818696
2016-12-20 22:00:00,371.0,377.13308339543676
2016-12-20 23:00:00,397.0,396.13607365576036
2016-12-21 00:00:00,400.0,393.3410499665822
2016-12-21 01:00:00,386.0,401.26298823835515
2016-12-21 02:00:00,369.0,377.8533884452053
2016-12-21 03:00:00,337.0,344.8394760166055
2016-12-21 04:00:00,332.0,340.42943818031534
2016-12-21 05:00:00,353.0,341.81585533536526
2016-12-21 06:00:00,343.0,340.9023773670878
2016-12-21 07:00:00,351.0,363.05700433759665
2016-12-21 08:00:00,355.0,350.7379644343411
2016-12-21 09:00:00,364.0,367.9573546176126
2016-12-21 10:00:00,365.0,368.01643760522444
2016-12-21 11:00:00,359.0,366.8538097469296
2016-12-21 12:00:00,343.0,350.1244523899729
2016-12-21 13:00:00,368.0,365.10027736042036
2016-12-21 14:00:00,348.0,338.3992542445682
2016-12-21 15:00:00,318.0,338.63419668640756
2016-12-21 16:00:00,359.0,349.8866275713442
2016-12-21 17:00:00,375.0,345.81650858544305
2016-12-21 18:00:00,387.0,397.2939621768151
2016-12-21 19:00:00,405.0,402.28055453668225
2016-12-21 20:00:00,426.0,419.0261911148818
2016-12-21 21:00:00,427.0,427.0333183051924
2016-12-21 22:00:00,433.0,439.5629243184778
2016-12-21 23:00:00,399.0,400.8633746275139
2016-12-22 00:00:00,398.0,408.4771625053373
2016-12-22 01:00:00,430.0,409.02152717336065
2016-12-22 02:00:00,412.0,400.60257527515324
2016-12-22 03:00:00,149.0,204.30709244327096
2016-12-22 04:00:00,25.0,101.92656066262562
2016-12-22 05:00:00,11.0,-40.60853518320694
2016-12-22 06:00:00,11.0,-4.367815736390412
2016-12-22 07:00:00,15.0,26.724712507512294
2016-12-22 08:00:00,15.0,10.978039850493516
2016-12-22 09:00:00,15.0,13.43347188930494
2016-12-22 10:00:00,13.0,12.608802944734265
2016-12-22 11:00:00,8.0,9.295104215042073
2016-12-22 12:00:00,14.0,12.163816459459724
2016-12-22 13:00:00,15.0,8.224767462692057
2016-12-22 14:00:00,14.0,13.62977591080157
2016-12-22 15:00:00,9.0,8.810766487557885
2016-12-22 16:00:00,10.0,9.455230983152944
2016-12-22 17:00:00,7.0,5.277542651777381
2016-12-22 18:00:00,9.0,8.984497596241354
2016-12-22 19:00:00,17.0,10.828887331556913
2016-12-22 20:00:00,11.0,7.3741877208645406
2016-12-22 21:00:00,6.0,7.963608182418113
2016-12-22 22:00:00,10.0,3.815101657290782
2016-12-22 23:00:00,10.0,2.250053669688171
2016-12-23 00:00:00,13.0,10.688412851650497
2016-12-23 01:00:00,20.0,12.371545119331003
2016-12-23 02:00:00,18.0,12.351499089659185
2016-12-23 03:00:00,18.0,16.63800476685057
2016-12-23 04:00:00,18.0,13.138150085932324
2016-12-23 05:00:00,17.0,13.468329985370872
2016-12-23 06:00:00,17.0,14.037291525341843
2016-12-23 07:00:00,16.0,13.223071195931325
2016-12-23 08:00:00,17.0,15.799521218460328
2016-12-23 09:00:00,19.0,16.68737978267292
2016-12-23 10:00:00,18.0,15.383834230718094
2016-12-23 11:00:00,20.0,17.937202856540935
2016-12-23 12:00:00,13.0,11.025483846293298
2016-12-23 13:00:00,12.0,12.870026919925678
2016-12-23 14:00:00,18.0,12.489917928616364
2016-12-23 15:00:00,19.0,14.189350252108397
2016-12-23 16:00:00,21.0,21.310403142506075
2016-12-23 17:00:00,24.0,22.955499433072063
2016-12-23 18:00:00,37.0,34.244484381345345
2016-12-23 19:00:00,52.0,46.113422297659866
2016-12-23 20:00:00,73.0,66.57990109849742
2016-12-23 21:00:00,81.0,76.08117293232341
2016-12-23 22:00:00,78.0,81.3442186520203
2016-12-23 23:00:00,79.0,78.54194104828561
2016-12-24 00:00:00,69.0,66.09526132808371
2016-12-24 01:00:00,71.0,70.4565328557653
2016-12-24 02:00:00,76.0,64.09903257819074
2016-12-24 03:00:00,72.0,71.67388831222421
2016-12-24 04:00:00,139.0,127.09091516514856
2016-12-24 05:00:00,161.0,130.72627924745916
2016-12-24 06:00:00,144.0,168.34481619008398
2016-12-24 07:00:00,132.0,146.6871207048256
2016-12-24 08:00:00,119.0,119.19139175024539
2016-12-24 09:00:00,92.0,99.38609777415873
2016-12-24 10:00:00,73.0,83.56851665475533
2016-12-24 11:00:00,82.0,80.15369065520527
2016-12-24 12:00:00,116.0,104.03222476563123
2016-12-24 13:00:00,152.0,138.2150100568029
2016-12-24 14:00:00,166.0,165.31850030369839
2016-12-24 15:00:00,172.0,179.26152173816826
2016-12-24 16:00:00,153.0,159.78437124830356
2016-12-24 17:00:00,145.0,152.97426688097158
2016-12-24 18:00:00,140.0,137.19947637087364
2016-12-24 19:00:00,152.0,148.8807151371442
2016-12-24 20:00:00,172.0,162.2007517809194
2016-12-24 21:00:00,168.0,167.00015490320067
2016-12-24 22:00:00,165.0,174.6964135575181
2016-12-24 23:00:00,180.0,176.91699372765652
2016-12-25 00:00:00,192.0,184.60568157996687
2016-12-25 01:00:00,194.0,195.84104995715973
2016-12-25 02:00:00,200.0,202.52886229559311
2016-12-25 03:00:00,196.0,195.36027099777584
2016-12-25 04:00:00,184.0,188.36998524916402
2016-12-25 05:00:00,164.0,168.9792030084913
2016-12-25 06:00:00,144.0,148.57011315011493
2016-12-25 07:00:00,129.0,133.05975296031193
2016-12-25 08:00:00,155.0,148.96484399649574
2016-12-25 09:00:00,166.0,150.64028546339358
2016-12-25 10:00:00,153.0,164.28978563216026
2016-12-25 11:00:00,148.0,157.11611313003607
2016-12-25 12:00:00,144.0,142.43934421217392
2016-12-25 13:00:00,130.0,134.8278951061369
2016-12-25 14:00:00,128.0,133.22354229845365
2016-12-25 15:00:00,133.0,129.8241529450815
2016-12-25 16:00:00,149.0,143.95817382448683
2016-12-25 17:00:00,144.0,142.53378150511077
2016-12-25 18:00:00,142.0,151.18194058004616
2016-12-25 19:00:00,152.0,150.25740346855088
2016-12-25 20:00:00,157.0,153.07546309562196
2016-12-25 21:00:00,165.0,165.59817013011423
2016-12-25 22:00:00,173.0,169.88361053801003
2016-12-25 23:00:00,173.0,170.59984965812498
2016-12-26 00:00:00,175.0,175.83111300787897
2016-12-26 01:00:00,159.0,158.80909698528762
2016-12-26 02:00:00,172.0,169.3886417618113
2016-12-26 03:00:00,170.0,158.83986937539635
2016-12-26 04:00:00,143.0,152.41598810150543
2016-12-26 05:00:00,87.0,100.55380048630907
2016-12-26 06:00:00,25.0,39.398999317726535
2016-12-26 07:00:00,24.0,23.27785210149318
2016-12-26 08:00:00,22.0,8.119275371748742
2016-12-26 09:00:00,26.0,31.54982338107027
2016-12-26 10:00:00,22.0,23.815861693803512
2016-12-26 11:00:00,36.0,32.12184835997013
2016-12-26 12:00:00,31.0,23.453617205014652
2016-12-26 13:00:00,25.0,30.211210239412395
2016-12-26 14:00:00,7.0,7.972781735523057
2016-12-26 15:00:00,3.0,4.961579847424048
2016-12-26 16:00:00,12.0,4.294109075822092
2016-12-26 17:00:00,7.0,3.589198593364543
2016-12-26 18:00:00,13.0,15.701029635332546
2016-12-26 19:00:00,13.0,6.9952605330690005
2016-12-26 20:00:00,9.0,11.60532950451939
2016-12-26 21:00:00,12.0,10.784775007650467
2016-12-26 22:00:00,12.0,7.069313804916803
2016-12-26 23:00:00,15.0,12.111090342260255
2016-12-27 00:00:00,12.0,8.858090501680465
2016-12-27 01:00:00,16.0,13.763506702036167
2016-12-27 02:00:00,19.0,12.743507380165582
2016-12-27 03:00:00,16.0,14.0513666531142
2016-12-27 04:00:00,14.0,12.351563344403104
2016-12-27 05:00:00,13.0,9.266525273573592
2016-12-27 06:00:00,16.0,14.098099726823762
2016-12-27 07:00:00,21.0,16.83357304650083
2016-12-27 08:00:00,19.0,19.330258601516462
2016-12-27 09:00:00,19.0,20.601989208154436
2016-12-27 10:00:00,13.0,11.32877036867258
2016-12-27 11:00:00,14.0,12.382388811109351
2016-12-27 12:00:00,7.0,4.5062507129145075
2016-12-27 13:00:00,9.0,8.59031431723281
2016-12-27 14:00:00,17.0,8.924245903112109
2016-12-27 15:00:00,19.0,14.163859319643734
2016-12-27 16:00:00,16.0,17.83051008037735
2016-12-27 17:00:00,3.0,14.209149637831871
2016-12-27 18:00:00,26.0,28.27821372326197
2016-12-27 19:00:00,49.0,34.09335749957505
2016-12-27 20:00:00,109.0,92.21432797673036
2016-12-27 21:00:00,107.0,90.94166639017398
2016-12-27 22:00:00,105.0,125.75690128583237
2016-12-27 23:00:00,125.0,112.82808095795757
2016-12-28 00:00:00,137.0,120.97588658201617
2016-12-28 01:00:00,143.0,139.78678311647076
2016-12-28 02:00:00,140.0,135.78297887941255
2016-12-28 03:00:00,155.0,146.64191252014888
2016-12-28 04:00:00,173.0,154.55582275912315
2016-12-28 05:00:00,175.0,166.9037088992519
2016-12-28 06:00:00,154.0,158.46181872860194
2016-12-28 07:00:00,120.0,129.86796204911292
2016-12-28 08:00:00,114.0,115.10732939082784
2016-12-28 09:00:00,84.0,78.13983868278434
2016-12-28 10:00:00,36.0,50.13423436084338
2016-12-28 11:00:00,12.0,19.10395544626074
2016-12-28 12:00:00,12.0,2.1163723213069545
2016-12-28 13:00:00,9.0,4.714576165149424
2016-12-28 14:00:00,10.0,11.496508426181322
2016-12-28 15:00:00,8.0,5.309904145183182
2016-12-28 16:00:00,12.0,9.005986591978157
2016-12-28 17:00:00,8.0,5.63980455249974
2016-12-28 18:00:00,7.0,8.924109399780463
2016-12-28 19:00:00,8.0,6.15779666260849
2016-12-28 20:00:00,8.0,5.594112519310784
2016-12-28 21:00:00,6.0,4.478965328034647
2016-12-28 22:00:00,8.0,4.910297167955619
2016-12-28 23:00:00,8.0,3.1294477352610386
2016-12-29 00:00:00,12.0,8.459676657860243
2016-12-29 01:00:00,13.0,9.335534656556419
2016-12-29 02:00:00,13.0,11.547974664180614
2016-12-29 03:00:00,11.0,8.304452312934515
2016-12-29 04:00:00,8.0,6.118874984815676
2016-12-29 05:00:00,9.0,5.558859699040482
2016-12-29 06:00:00,8.0,4.490663150136811
2016-12-29 07:00:00,12.0,9.434117203874607
2016-12-29 08:00:00,12.0,10.374215503697144
2016-12-29 09:00:00,13.0,12.508282480929566
2016-12-29 10:00:00,8.0,6.149659907438561
2016-12-29 11:00:00,10.0,10.059794272940835
2016-12-29 12:00:00,20.0,15.785935118534454
2016-12-29 13:00:00,36.0,28.44605917262706
2016-12-29 14:00:00,51.0,44.32788487580761
2016-12-29 15:00:00,59.0,55.56557548881686
2016-12-29 16:00:00,63.0,62.77920650641279
2016-12-29 17:00:00,78.0,73.24234026069051
2016-12-29 18:00:00,63.0,63.04706981826034
2016-12-29 19:00:00,81.0,85.31128610459284
2016-12-29 20:00:00,116.0,92.21167990831738
2016-12-29 21:00:00,146.0,131.59266949411335
2016-12-29 22:00:00,222.0,197.99082489409193
2016-12-29 23:00:00,254.0,220.78060671451578
2016-12-30 00:00:00,334.0,323.0433091812063
2016-12-30 01:00:00,408.0,358.2888657832381
2016-12-30 02:00:00,371.0,370.9152363426535
2016-12-30 03:00:00,256.0,302.8238016147355
2016-12-30 04:00:00,151.0,181.92699289439213
2016-12-30 05:00:00,139.0,134.18159353977825
2016-12-30 06:00:00,157.0,133.24797744021458
2016-12-30 07:00:00,111.0,121.52998930655475
2016-12-30 08:00:00,103.0,124.07230110409235
2016-12-30 09:00:00,71.0,60.619017218162966
2016-12-30 10:00:00,61.0,72.35100481779155
2016-12-30 11:00:00,75.0,68.09073963979633
2016-12-30 12:00:00,92.0,81.0579644433107
2016-12-30 13:00:00,103.0,99.97447347069622
2016-12-30 14:00:00,103.0,105.63518369147481
2016-12-30 15:00:00,108.0,113.76885502286144
2016-12-30 16:00:00,154.0,145.55966177759495
2016-12-30 17:00:00,167.0,152.783661123608
2016-12-30 18:00:00,226.0,227.92722396780272
2016-12-30 19:00:00,353.0,296.65087292042705
2016-12-30 20:00:00,346.0,318.04806851808496
2016-12-30 21:00:00,316.0,365.4666004814533
2016-12-30 22:00:00,298.0,301.08196058746626
2016-12-30 23:00:00,311.0,301.73844354446425
2016-12-31 00:00:00,331.0,315.29105013854706
2016-12-31 01:00:00,344.0,335.297545368745
2016-12-31 02:00:00,335.0,333.4577162721353
2016-12-31 03:00:00,309.0,315.1160865378593
2016-12-31 04:00:00,316.0,314.1390256215238
2016-12-31 05:00:00,294.0,283.43188454008026
2016-12-31 06:00:00,207.0,228.39923671242423
2016-12-31 07:00:00,156.0,178.5658337201467
2016-12-31 08:00:00,163.0,146.83019777989847
2016-12-31 09:00:00,233.0,202.68045766256728
2016-12-31 10:00:00,170.0,164.7943864567668
2016-12-31 11:00:00,117.0,164.7883602062737
2016-12-31 12:00:00,153.0,134.8816802386085
2016-12-31 13:00:00,185.0,148.25778361964979
2016-12-31 14:00:00,214.0,217.62384840624475
2016-12-31 15:00:00,379.0,335.4654076706551
2016-12-31 16:00:00,380.0,328.31148484126334
2016-12-31 17:00:00,422.0,475.44326352128104
2016-12-31 18:00:00,422.0,401.2000255379576
2016-12-31 19:00:00,381.0,402.06526864013654
2016-12-31 20:00:00,385.0,392.5277693572993
2016-12-31 21:00:00,409.0,380.47724540856444
2016-12-31 22:00:00,451.0,426.56081142226606
2016-12-31 23:00:00,472.0,450.67782087829977
2017-01-01 00:00:00,485.0,479.56939413579727
2017-01-01 01:00:00,477.0,474.93911079445496
2017-01-01 02:00:00,454.0,458.0731614783056
2017-01-01 03:00:00,418.0,421.18055148986207
2017-01-01 04:00:00,438.0,434.4250433067783
2017-01-01 05:00:00,453.0,427.4779573185331
2017-01-01 06:00:00,433.0,440.15772271619795
2017-01-01 07:00:00,416.0,428.3941918256444
2017-01-01 08:00:00,421.0,417.4530996719673
2017-01-01 09:00:00,424.0,416.48195829848754
2017-01-01 10:00:00,413.0,416.6946598998744
2017-01-01 11:00:00,425.0,423.75234929420714
2017-01-01 12:00:00,381.0,379.58583911869215
2017-01-01 13:00:00,466.0,460.1868923347649
2017-01-01 14:00:00,542.0,473.11004573559995
2017-01-01 15:00:00,568.0,564.1325776040527
2017-01-01 16:00:00,568.0,583.8437564942777
2017-01-01 17:00:00,543.0,551.5988755747975
2017-01-01 18:00:00,522.0,531.3752924668037
2017-01-01 19:00:00,487.0,490.340001537815
2017-01-01 20:00:00,475.0,480.62387071492
2017-01-01 21:00:00,459.0,456.4375823090267
2017-01-01 22:00:00,453.0,455.8761521082038
2017-01-01 23:00:00,417.0,421.1019567994843
2017-01-02 00:00:00,395.0,412.66412065762535
2017-01-02 01:00:00,420.0,413.71452600992325
2017-01-02 02:00:00,453.0,432.79557974119916
2017-01-02 03:00:00,429.0,431.42255240891456
2017-01-02 04:00:00,211.0,264.2767992376398
2017-01-02 05:00:00,116.0,180.73132965943307
2017-01-02 06:00:00,51.0,23.645892488438818
2017-01-02 07:00:00,38.0,50.27337612049614
2017-01-02 08:00:00,21.0,25.27061188969455
2017-01-02 09:00:00,16.0,23.260761628123873
2017-01-02 10:00:00,23.0,22.241739823579522
2017-01-02 11:00:00,18.0,18.87357445160427
2017-01-02 12:00:00,58.0,71.79816766015223
2017-01-02 13:00:00,176.0,129.54153019130234
2017-01-02 14:00:00,109.0,108.22162279870697
2017-01-02 15:00:00,267.0,287.02769676901977
2017-01-02 16:00:00,260.0,176.91457903165752
2017-01-02 17:00:00,212.0,286.0547472265378
2017-01-02 18:00:00,183.0,196.37789097212044
2017-01-02 19:00:00,136.0,133.7225352754727
2017-01-02 20:00:00,137.0,146.48575097526674
2017-01-02 21:00:00,125.0,114.9812838397509
2017-01-02 22:00:00,153.0,150.86006249208958
2017-01-02 23:00:00,165.0,147.75888904861546
2017-01-03 00:00:00,225.0,216.18269006083352
2017-01-03 01:00:00,275.0,246.28735514816452
2017-01-03 02:00:00,293.0,294.39001570269596
2017-01-03 03:00:00,293.0,305.20400441943707
2017-01-03 04:00:00,287.0,295.3060845844596
2017-01-03 05:00:00,305.0,301.98004567699564
2017-01-03 06:00:00,304.0,295.5853772157087
2017-01-03 07:00:00,266.0,280.1589075427858
2017-01-03 08:00:00,240.0,255.9374918830443
2017-01-03 09:00:00,237.0,237.45916191868946
2017-01-03 10:00:00,232.0,233.25013564248303
2017-01-03 11:00:00,155.0,172.4065218935566
2017-01-03 12:00:00,167.0,184.02813988934184
2017-01-03 13:00:00,170.0,141.1799662293227
2017-01-03 14:00:00,179.0,188.56547114747923
2017-01-03 15:00:00,244.0,227.5489513509566
2017-01-03 16:00:00,296.0,265.2417889826648
2017-01-03 17:00:00,295.0,297.50528288314155
2017-01-03 18:00:00,328.0,341.2818709234772
2017-01-03 19:00:00,397.0,367.391034261605
2017-01-03 20:00:00,437.0,415.7689710325494
2017-01-03 21:00:00,464.0,468.25811935920075
2017-01-03 22:00:00,483.0,479.40348750468985
2017-01-03 23:00:00,447.0,459.70728075656183
2017-01-04 00:00:00,440.0,462.4561624194558
2017-01-04 01:00:00,463.0,447.6514810273496
2017-01-04 02:00:00,467.0,455.47039078415736
2017-01-04 03:00:00,463.0,476.53256806676364
2017-01-04 04:00:00,473.0,477.450707798329
2017-01-04 05:00:00,488.0,484.98267555842864
2017-01-04 06:00:00,500.0,496.17044677050086
2017-01-04 07:00:00,392.0,412.517462173401
2017-01-04 08:00:00,338.0,382.1509101827903
2017-01-04 09:00:00,338.0,321.9748768084628
2017-01-04 10:00:00,441.0,407.25606008240607
2017-01-04 11:00:00,333.0,326.69161996379
2017-01-04 12:00:00,167.0,260.9035014047105
2017-01-04 13:00:00,216.0,209.76472670707125
2017-01-04 14:00:00,291.0,206.02650054304212
2017-01-04 15:00:00,325.0,327.1808088241001
2017-01-04 16:00:00,367.0,374.6317648360755
2017-01-04 17:00:00,322.0,331.768943943442
2017-01-04 18:00:00,298.0,336.5334562001776
2017-01-04 19:00:00,304.0,301.592804412951
2017-01-04 20:00:00,346.0,333.76417987667134
2017-01-04 21:00:00,356.0,349.8782280116719
2017-01-04 22:00:00,380.0,389.4681420137586
2017-01-04 23:00:00,328.0,337.3171379570735
2017-01-05 00:00:00,203.0,255.01835913699568
2017-01-05 01:00:00,168.0,200.91049289198475
2017-01-05 02:00:00,159.0,142.00621121620395
2017-01-05 03:00:00,168.0,175.4961200472839
2017-01-05 04:00:00,175.0,178.01031055341866
2017-01-05 05:00:00,256.0,245.38356208614005
2017-01-05 06:00:00,336.0,298.1455644808821
2017-01-05 07:00:00,284.0,309.5801153863161
2017-01-05 08:00:00,275.0,325.2644507940078
2017-01-05 09:00:00,271.0,263.16775572652193
2017-01-05 10:00:00,276.0,285.3035924620692
2017-01-05 11:00:00,267.0,277.6393882180038
2017-01-05 12:00:00,249.0,263.288741590589
2017-01-05 13:00:00,239.0,248.54583035992346
2017-01-05 14:00:00,223.0,229.02384085977138
2017-01-05 15:00:00,206.0,216.29695564221925
2017-01-05 16:00:00,162.0,175.23653915355828
2017-01-05 17:00:00,184.0,190.5121657025295
2017-01-05 18:00:00,183.0,166.4731529917904
2017-01-05 19:00:00,191.0,205.27991662954747
2017-01-05 20:00:00,219.0,212.1122419307951
2017-01-05 21:00:00,199.0,199.8439754765397
2017-01-05 22:00:00,180.0,202.4974933340327
2017-01-05 23:00:00,184.0,184.45222161655403
2017-01-06 00:00:00,184.0,183.64418900743783
2017-01-06 01:00:00,184.0,183.01525334921
2017-01-06 02:00:00,176.0,180.68740588200575
2017-01-06 03:00:00,159.0,166.18435663733197
2017-01-06 04:00:00,158.0,163.3549804749709
2017-01-06 05:00:00,171.0,165.95574733596118
2017-01-06 06:00:00,169.0,170.66629455946128
2017-01-06 07:00:00,177.0,184.4058234907057
2017-01-06 08:00:00,170.0,171.33438257687664
2017-01-06 09:00:00,175.0,184.79674505192833
2017-01-06 10:00:00,211.0,202.79459199355182
2017-01-06 11:00:00,216.0,207.6371674206112
2017-01-06 12:00:00,193.0,203.320669844372
2017-01-06 13:00:00,188.0,196.83933806238235
2017-01-06 14:00:00,200.0,193.2020541300057
2017-01-06 15:00:00,214.0,209.26493936713723
2017-01-06 16:00:00,215.0,214.07865987999241
2017-01-06 17:00:00,221.0,225.98147852207217
2017-01-06 18:00:00,211.0,214.21497463001373
2017-01-06 19:00:00,217.0,224.7093928410029
2017-01-06 20:00:00,220.0,215.9831422556266
2017-01-06 21:00:00,235.0,225.57200590618788
2017-01-06 22:00:00,239.0,234.88924719339713
2017-01-06 23:00:00,235.0,240.4141510331301
2017-01-07 00:00:00,241.0,243.2207585055706
2017-01-07 01:00:00,239.0,236.80939971942553
2017-01-07 02:00:00,224.0,221.36183959614402
2017-01-07 03:00:00,208.0,214.5769799937794
2017-01-07 04:00:00,206.0,204.951273639141
2017-01-07 05:00:00,200.0,198.0079002605451
2017-01-07 06:00:00,181.0,186.9940940360636
2017-01-07 07:00:00,173.0,179.17178042438871
2017-01-07 08:00:00,166.0,165.03105347532767
2017-01-07 09:00:00,154.0,158.18776154595525
2017-01-07 10:00:00,142.0,142.8628785526442
2017-01-07 11:00:00,167.0,161.29278629677964
2017-01-07 12:00:00,196.0,176.43835746329506
2017-01-07 13:00:00,184.0,182.0266065721823
2017-01-07 14:00:00,156.0,175.1545682804068
2017-01-07 15:00:00,115.0,126.20392257247251
2017-01-07 16:00:00,99.0,108.43470356007815
2017-01-07 17:00:00,95.0,93.40714215264286
2017-01-07 18:00:00,102.0,103.28393185952261
2017-01-07 19:00:00,96.0,97.7926191379831
2017-01-07 20:00:00,100.0,105.70078439106148
2017-01-07 21:00:00,111.0,106.6783996871789
2017-01-07 22:00:00,93.0,92.30231488959889
2017-01-07 23:00:00,78.0,91.47204445314834
2017-01-08 00:00:00,66.0,62.55667185079197
2017-01-08 01:00:00,66.0,63.762786358506744
2017-01-08 02:00:00,22.0,24.551997197948566
2017-01-08 03:00:00,23.0,32.146683752784966
2017-01-08 04:00:00,19.0,2.3667254592541127
2017-01-08 05:00:00,24.0,24.26470270102665
2017-01-08 06:00:00,16.0,13.687835016768986
2017-01-08 07:00:00,15.0,15.646564568341788
2017-01-08 08:00:00,18.0,13.225260211687498
2017-01-08 09:00:00,20.0,16.530910557155025
2017-01-08 10:00:00,15.0,15.68942995480262
2017-01-08 11:00:00,22.0,20.454746482679866
2017-01-08 12:00:00,18.0,13.474333748355548
2017-01-08 13:00:00,28.0,27.632733013302882
2017-01-08 14:00:00,22.0,16.186334453500564
2017-01-08 15:00:00,17.0,20.95406622175912
2017-01-08 16:00:00,14.0,11.007609868470695
2017-01-08 17:00:00,13.0,10.854519167661735
2017-01-08 18:00:00,14.0,11.885864679907186
2017-01-08 19:00:00,15.0,12.016176256619687
2017-01-08 20:00:00,21.0,16.350073944654937
2017-01-08 21:00:00,15.0,11.602064151469023
2017-01-08 22:00:00,13.0,12.318601125219459
2017-01-08 23:00:00,10.0,4.447031511872638
2017-01-09 00:00:00,10.0,5.730741945105706
2017-01-09 01:00:00,8.0,2.688817887950293
2017-01-09 02:00:00,9.0,4.949376690286542
2017-01-09 03:00:00,11.0,4.80440959474349
2017-01-09 04:00:00,6.0,2.8849005336309546
2017-01-09 05:00:00,6.0,4.321448891557196
2017-01-09 06:00:00,10.0,3.2386565168927888
2017-01-09 07:00:00,11.0,7.26293047000425
2017-01-09 08:00:00,9.0,9.30041357946132
2017-01-09 09:00:00,16.0,12.632052193680636
2017-01-09 10:00:00,13.0,8.67739715866496
2017-01-09 11:00:00,12.0,14.312629393544725
2017-01-09 12:00:00,17.0,13.741793352611523
2017-01-09 13:00:00,7.0,6.536179273040446
2017-01-09 14:00:00,15.0,16.954164671476562
2017-01-09 15:00:00,17.0,10.430140578646913
2017-01-09 16:00:00,34.0,30.329696879506926
2017-01-09 17:00:00,37.0,30.8267634314647
2017-01-09 18:00:00,50.0,51.2517937450845
2017-01-09 19:00:00,62.0,55.32781522701349
2017-01-09 20:00:00,87.0,80.00841423636668
2017-01-09 21:00:00,114.0,99.89254449682859
2017-01-09 22:00:00,127.0,118.70866041594921
2017-01-09 23:00:00,120.0,123.14667671182868
2017-01-10 00:00:00,51.0,69.7692614876105
2017-01-10 01:00:00,70.0,77.71610798781991
2017-01-10 02:00:00,19.0,-4.429951940540732
2017-01-10 03:00:00,7.0,28.125971292150282
2017-01-10 04:00:00,5.0,-11.217457539411804
2017-01-10 05:00:00,10.0,3.3198837531937357
2017-01-10 06:00:00,10.0,7.350008190043312
2017-01-10 07:00:00,11.0,8.99396639238094
2017-01-10 08:00:00,8.0,5.845751646151243
2017-01-10 09:00:00,3.0,4.028063010168836
2017-01-10 10:00:00,6.0,3.3432533560330597
2017-01-10 11:00:00,3.0,-1.6884181200888548
2017-01-10 12:00:00,3.0,2.465781135239098
2017-01-10 13:00:00,3.0,-0.666454719997148
2017-01-10 14:00:00,3.0,0.7076933049913947
2017-01-10 15:00:00,3.0,2.066058168248304
2017-01-10 16:00:00,5.0,3.310326547993938
2017-01-10 17:00:00,7.0,5.443006844966092
2017-01-10 18:00:00,8.0,8.650114435174387
2017-01-10 19:00:00,13.0,15.347020989044225
2017-01-10 20:00:00,81.0,61.03713201410933
2017-01-10 21:00:00,91.0,65.1303286459203
2017-01-10 22:00:00,84.0,108.16507188479731
2017-01-10 23:00:00,87.0,89.82490534954967
2017-01-11 00:00:00,91.0,86.67271327537917
2017-01-11 01:00:00,94.0,94.15256548819853
2017-01-11 02:00:00,97.0,94.68521499295589
2017-01-11 03:00:00,112.0,110.53138939435287
2017-01-11 04:00:00,98.0,101.48688380073047
2017-01-11 05:00:00,68.0,84.79948759167088
2017-01-11 06:00:00,60.0,66.92801639015967
2017-01-11 07:00:00,33.0,33.319450954463875
2017-01-11 08:00:00,28.0,37.92713303343179
2017-01-11 09:00:00,20.0,18.309675111907822
2017-01-11 10:00:00,32.0,36.06215070088176
2017-01-11 11:00:00,3.0,8.473573950496657
2017-01-11 12:00:00,3.0,19.39467478097103
2017-01-11 13:00:00,39.0,22.51462826677401
2017-01-11 14:00:00,37.0,27.064498138322975
2017-01-11 15:00:00,46.0,60.3303293925314
2017-01-11 16:00:00,50.0,45.377711145671114
2017-01-11 17:00:00,66.0,67.86662566119325
2017-01-11 18:00:00,58.0,57.87745752063195
2017-01-11 19:00:00,38.0,50.484621683383224
2017-01-11 20:00:00,36.0,37.73365439898744
2017-01-11 21:00:00,31.0,26.68841103246855
2017-01-11 22:00:00,22.0,27.727212427466128
2017-01-11 23:00:00,22.0,25.6461665786469
2017-01-12 00:00:00,31.0,24.419344511206972
2017-01-12 01:00:00,26.0,24.304075440600315
2017-01-12 02:00:00,23.0,27.867953604507065
2017-01-12 03:00:00,26.0,24.52475585971952
2017-01-12 04:00:00,31.0,28.681074688846095
2017-01-12 05:00:00,32.0,30.130784064780002
2017-01-12 06:00:00,22.0,24.19168238683271
2017-01-12 07:00:00,19.0,21.084981679225194
2017-01-12 08:00:00,16.0,15.654793637590657
2017-01-12 09:00:00,26.0,25.573448104376936
2017-01-12 10:00:00,27.0,22.38842889929687
2017-01-12 11:00:00,20.0,25.13930995580786
2017-01-12 12:00:00,25.0,25.339307139440663
2017-01-12 13:00:00,45.0,34.969859996938794
2017-01-12 14:00:00,84.0,66.08221803391304
2017-01-12 15:00:00,80.0,74.25122376775802
2017-01-12 16:00:00,94.0,103.84119299810438
2017-01-12 17:00:00,97.0,88.83200678165075
2017-01-12 18:00:00,93.0,100.43526735428013
2017-01-12 19:00:00,121.0,115.37498337234014
2017-01-12 20:00:00,108.0,99.55478815880441
2017-01-12 21:00:00,33.0,58.092883381559844
2017-01-12 22:00:00,19.0,31.625326216528023
2017-01-12 23:00:00,15.0,-8.419191078279049
2017-01-13 00:00:00,5.0,6.2156417596400075
2017-01-13 01:00:00,20.0,16.73752699622932
2017-01-13 02:00:00,9.0,-2.315278563929496
2017-01-13 03:00:00,14.0,15.86840861380037
2017-01-13 04:00:00,8.0,-0.5865260084296438
2017-01-13 05:00:00,10.0,10.468578578830588
2017-01-13 06:00:00,13.0,7.4536894304703765
2017-01-13 07:00:00,17.0,13.330994542272975
2017-01-13 08:00:00,22.0,18.61113156463783
2017-01-13 09:00:00,8.0,8.648364659986399
2017-01-13 10:00:00,8.0,12.321591409851294
2017-01-13 11:00:00,20.0,9.636213964873164
2017-01-13 12:00:00,13.0,9.58910605737104
2017-01-13 13:00:00,7.0,12.292396861238046
2017-01-13 14:00:00,15.0,8.570596044183318
2017-01-13 15:00:00,9.0,3.1486168617513925
2017-01-13 16:00:00,15.0,15.496787630408036
2017-01-13 17:00:00,17.0,8.882379735379189
2017-01-13 18:00:00,18.0,16.547596315692303
2017-01-13 19:00:00,16.0,13.720204132803673
2017-01-13 20:00:00,21.0,17.42183263266189
2017-01-13 21:00:00,18.0,12.959692443348601
2017-01-13 22:00:00,15.0,14.717279764502706
2017-01-13 23:00:00,22.0,15.581660859812729
2017-01-14 00:00:00,17.0,11.359144488619094
2017-01-14 01:00:00,18.0,19.09995073463105
2017-01-14 02:00:00,17.0,12.200862435776045
2017-01-14 03:00:00,13.0,11.344960359167032
2017-01-14 04:00:00,21.0,17.108252241961566
2017-01-14 05:00:00,18.0,11.275475397148355
2017-01-14 06:00:00,11.0,13.80005599998023
2017-01-14 07:00:00,9.0,8.990576857071929
2017-01-14 08:00:00,24.0,17.985300021791005
2017-01-14 09:00:00,19.0,16.77786391908279
2017-01-14 10:00:00,27.0,33.882048013775986
2017-01-14 11:00:00,31.0,22.498737292343236
2017-01-14 12:00:00,18.0,20.738438970203262
2017-01-14 13:00:00,12.0,16.25752163317496
2017-01-14 14:00:00,8.0,3.1674693629119304
2017-01-14 15:00:00,11.0,8.932354695311261
2017-01-14 16:00:00,18.0,11.77190116443083
2017-01-14 17:00:00,24.0,19.54729285706405
2017-01-14 18:00:00,31.0,27.98436346291149
2017-01-14 19:00:00,38.0,35.27359087681039
2017-01-14 20:00:00,41.0,42.84125714083423
2017-01-14 21:00:00,44.0,48.586026603699295
2017-01-14 22:00:00,37.0,41.625307970117504
2017-01-14 23:00:00,31.0,37.70312366695468
2017-01-15 00:00:00,37.0,36.242111080395986
2017-01-15 01:00:00,32.0,30.579908333392794
2017-01-15 02:00:00,48.0,47.90151729183087
2017-01-15 03:00:00,35.0,29.026990445029327
2017-01-15 04:00:00,35.0,44.56611314865158
2017-01-15 05:00:00,42.0,34.56602566618376
2017-01-15 06:00:00,22.0,25.218272878235
2017-01-15 07:00:00,26.0,34.14287985562892
2017-01-15 08:00:00,17.0,12.26582772854836
2017-01-15 09:00:00,23.0,28.51163055930094
2017-01-15 10:00:00,22.0,21.571817334588317
2017-01-15 11:00:00,34.0,34.63635313451776
2017-01-15 12:00:00,48.0,40.042210829413094
2017-01-15 13:00:00,49.0,48.7823776926961
2017-01-15 14:00:00,48.0,54.69025604531775
2017-01-15 15:00:00,53.0,53.88608560030259
2017-01-15 16:00:00,57.0,55.287549463704025
2017-01-15 17:00:00,76.0,73.26877354000344
2017-01-15 18:00:00,81.0,74.74234955222686
2017-01-15 19:00:00,76.0,84.06138734090972
2017-01-15 20:00:00,72.0,77.00079239088787
2017-01-15 21:00:00,72.0,72.36296914227192
2017-01-15 22:00:00,74.0,73.54237444640474
2017-01-15 23:00:00,85.0,79.86988234434382
2017-01-16 00:00:00,86.0,82.67688345029548
2017-01-16 01:00:00,92.0,93.27587395427717
2017-01-16 02:00:00,94.0,89.9548216157214
2017-01-16 03:00:00,93.0,93.2389593061405
2017-01-16 04:00:00,97.0,97.64439094427483
2017-01-16 05:00:00,97.0,94.47823355898119
2017-01-16 06:00:00,89.0,92.66871248854135
2017-01-16 07:00:00,90.0,93.05764757932413
2017-01-16 08:00:00,87.0,86.8873396388655
2017-01-16 09:00:00,89.0,92.84861074567492
2017-01-16 10:00:00,66.0,70.89902034402529
2017-01-16 11:00:00,60.0,69.32171993322645
2017-01-16 12:00:00,72.0,64.66791959064572
2017-01-16 13:00:00,71.0,67.56337620756953
2017-01-16 14:00:00,79.0,85.56310198857663
2017-01-16 15:00:00,96.0,88.82574433836469
2017-01-16 16:00:00,116.0,107.80276034065822
2017-01-16 17:00:00,122.0,118.69702464241469
2017-01-16 18:00:00,128.0,130.9375585552221
2017-01-16 19:00:00,120.0,121.84322088441614
2017-01-16 20:00:00,125.0,128.59854782477726
2017-01-16 21:00:00,138.0,129.97370551909387
2017-01-16 22:00:00,138.0,135.2495488562414
2017-01-16 23:00:00,120.0,127.39682608269261
2017-01-17 00:00:00,127.0,130.3745243439348
2017-01-17 01:00:00,141.0,128.23114096188334
2017-01-17 02:00:00,146.0,143.4025134577123
2017-01-17 03:00:00,133.0,138.89871002701796
2017-01-17 04:00:00,141.0,142.79289508796376
2017-01-17 05:00:00,131.0,125.37766295163466
2017-01-17 06:00:00,120.0,128.42624495045862
2017-01-17 07:00:00,111.0,112.490805447945
2017-01-17 08:00:00,138.0,131.2639572227838
2017-01-17 09:00:00,155.0,140.80300901444002
2017-01-17 10:00:00,167.0,170.26945908735195
2017-01-17 11:00:00,157.0,162.99318200288354
2017-01-17 12:00:00,158.0,164.89502447104843
2017-01-17 13:00:00,154.0,150.0059920799709
2017-01-17 14:00:00,145.0,147.57143085259662
2017-01-17 15:00:00,137.0,137.8090471623828
2017-01-17 16:00:00,123.0,124.69467253952571
2017-01-17 17:00:00,155.0,148.2711610966556
2017-01-17 18:00:00,169.0,148.82005058956003
2017-01-17 19:00:00,165.0,173.5239161054413
2017-01-17 20:00:00,167.0,170.35628768540846
2017-01-17 21:00:00,170.0,164.64578773572566
2017-01-17 22:00:00,171.0,166.36872295422324
2017-01-17 23:00:00,172.0,167.17770730994567
2017-01-18 00:00:00,73.0,86.53726143757866
2017-01-18 01:00:00,25.0,59.67114091449959
2017-01-18 02:00:00,66.0,36.3656158796462
2017-01-18 03:00:00,57.0,33.69601788050525
2017-01-18 04:00:00,44.0,68.0266113491836
2017-01-18 05:00:00,34.0,31.3801961989369
2017-01-18 06:00:00,33.0,29.5786781938332
2017-01-18 07:00:00,31.0,30.87031712225543
2017-01-18 08:00:00,25.0,27.699097760734716
2017-01-18 09:00:00,21.0,22.887210725811798
2017-01-18 10:00:00,22.0,21.927558292582134
2017-01-18 11:00:00,26.0,23.170269670643805
2017-01-18 12:00:00,22.0,22.421007492274313
2017-01-18 13:00:00,21.0,24.24567018699608
2017-01-18 14:00:00,20.0,20.716532666155757
2017-01-18 15:00:00,35.0,33.22120729995537
2017-01-18 16:00:00,49.0,41.828689068590805
2017-01-18 17:00:00,57.0,57.641060897711796
2017-01-18 18:00:00,50.0,56.50485947642035
2017-01-18 19:00:00,46.0,53.21156192977115
2017-01-18 20:00:00,43.0,42.36918887024653
2017-01-18 21:00:00,50.0,50.06023179097353
2017-01-18 22:00:00,55.0,48.76487855484562
2017-01-18 23:00:00,54.0,54.44604659342225
2017-01-19 00:00:00,64.0,63.198514678685356
2017-01-19 01:00:00,76.0,69.22328734961032
2017-01-19 02:00:00,87.0,85.2504158268198
2017-01-19 03:00:00,96.0,96.08498418015104
2017-01-19 04:00:00,112.0,112.1204369391133
2017-01-19 05:00:00,126.0,119.38087760249054
2017-01-19 06:00:00,104.0,111.56263073502303
2017-01-19 07:00:00,109.0,120.05640809838805
2017-01-19 08:00:00,111.0,102.90267264834522
2017-01-19 09:00:00,103.0,107.76807995227252
2017-01-19 10:00:00,34.0,51.33264705595673
2017-01-19 11:00:00,12.0,34.136041853634126
2017-01-19 12:00:00,12.0,-0.4805809869829716
2017-01-19 13:00:00,12.0,14.274092201406319
2017-01-19 14:00:00,9.0,13.618938717099667
2017-01-19 15:00:00,9.0,9.745743881043168
2017-01-19 16:00:00,9.0,8.267334603184366
2017-01-19 17:00:00,10.0,10.775014459854404
2017-01-19 18:00:00,12.0,11.607189653448458
2017-01-19 19:00:00,11.0,9.261662269818473
2017-01-19 20:00:00,11.0,9.988836484300194
2017-01-19 21:00:00,11.0,7.552480119633074
2017-01-19 22:00:00,14.0,9.881099508028726
2017-01-19 23:00:00,8.0,5.164311347578078
2017-01-20 00:00:00,10.0,8.9742575587957
2017-01-20 01:00:00,8.0,2.931537361823686
2017-01-20 02:00:00,8.0,5.417735009902472
2017-01-20 03:00:00,8.0,3.669525375090288
2017-01-20 04:00:00,5.0,2.1254753482974706
2017-01-20 05:00:00,7.0,4.321358164672802
2017-01-20 06:00:00,8.0,3.6151210348706684
2017-01-20 07:00:00,10.0,8.44980782101348
2017-01-20 08:00:00,11.0,9.965874373089974
2017-01-20 09:00:00,12.0,11.89771277196229
2017-01-20 10:00:00,16.0,15.185994496575319
2017-01-20 11:00:00,17.0,16.53821464100217
2017-01-20 12:00:00,21.0,21.424106453023157
2017-01-20 13:00:00,18.0,17.195498486018053
2017-01-20 14:00:00,19.0,20.150612753788423
2017-01-20 15:00:00,17.0,16.190243282360328
2017-01-20 16:00:00,26.0,24.91423739603853
2017-01-20 17:00:00,24.0,19.757279963621116
2017-01-20 18:00:00,27.0,28.758883585343554
2017-01-20 19:00:00,37.0,31.91369849453129
2017-01-20 20:00:00,45.0,39.66880642086248
2017-01-20 21:00:00,45.0,43.86612803606799
2017-01-20 22:00:00,53.0,50.157871976116965
2017-01-20 23:00:00,64.0,56.4411037873209
2017-01-21 00:00:00,68.0,65.04028206963001
2017-01-21 01:00:00,70.0,73.40868565049156
2017-01-21 02:00:00,81.0,81.1883154455072
2017-01-21 03:00:00,90.0,86.47647416873586
2017-01-21 04:00:00,90.0,90.89052899570534
2017-01-21 05:00:00,69.0,74.29515624603037
2017-01-21 06:00:00,32.0,42.8361690364803
2017-01-21 07:00:00,11.0,16.643184237135813
2017-01-21 08:00:00,5.0,0.7276063018437782
2017-01-21 09:00:00,6.0,2.9599357444362937
2017-01-21 10:00:00,7.0,4.443401556265258
2017-01-21 11:00:00,7.0,5.650811258413086
2017-01-21 12:00:00,11.0,8.083418629909659
2017-01-21 13:00:00,6.0,5.476127942703741
2017-01-21 14:00:00,5.0,6.689597058324267
2017-01-21 15:00:00,5.0,2.2225462808123666
2017-01-21 16:00:00,9.0,5.648560410310651
2017-01-21 17:00:00,8.0,5.4573594708829205
2017-01-21 18:00:00,12.0,10.627256323346941
2017-01-21 19:00:00,11.0,7.572425397044697
2017-01-21 20:00:00,13.0,12.944677608720681
2017-01-21 21:00:00,15.0,11.120478531592454
2017-01-21 22:00:00,10.0,8.635010030748688
2017-01-21 23:00:00,11.0,10.489279598947178
2017-01-22 00:00:00,9.0,5.926653731925853
2017-01-22 01:00:00,13.0,11.248672857501091
2017-01-22 02:00:00,14.0,9.838683039422904
2017-01-22 03:00:00,12.0,11.22116510711497
2017-01-22 04:00:00,14.0,12.529247032620987
2017-01-22 05:00:00,15.0,10.989719776647888
2017-01-22 06:00:00,14.0,13.187695252239749
2017-01-22 07:00:00,12.0,13.672489419489182
2017-01-22 08:00:00,11.0,12.446922779002819
2017-01-22 09:00:00,11.0,10.461165349993266
2017-01-22 10:00:00,16.0,14.242418521330379
2017-01-22 11:00:00,21.0,17.026921030645283
2017-01-22 12:00:00,16.0,16.38816788856164
2017-01-22 13:00:00,17.0,20.331789726539128
2017-01-22 14:00:00,18.0,15.617245391791002
2017-01-22 15:00:00,21.0,20.81092235277778
2017-01-22 16:00:00,29.0,27.083546339389486
2017-01-22 17:00:00,47.0,40.1072239521002
2017-01-22 18:00:00,65.0,56.00006583826814
2017-01-22 19:00:00,72.0,69.36906956155188
2017-01-22 20:00:00,46.0,53.95806302736078
2017-01-22 21:00:00,30.0,41.4327189174854
2017-01-22 22:00:00,31.0,23.920044237481818
2017-01-22 23:00:00,26.0,22.1188181189153
2017-01-23 00:00:00,24.0,26.699599086455393
2017-01-23 01:00:00,22.0,20.53805002596478
2017-01-23 02:00:00,20.0,18.534729389098075
2017-01-23 03:00:00,17.0,16.223106292832043
2017-01-23 04:00:00,15.0,14.709901607378526
2017-01-23 05:00:00,12.0,11.312680224522254
2017-01-23 06:00:00,11.0,11.187551487477563
2017-01-23 07:00:00,12.0,11.516002904555378
2017-01-23 08:00:00,12.0,12.181658675441014
2017-01-23 09:00:00,13.0,14.271186877712822
2017-01-23 10:00:00,17.0,16.51073534536539
2017-01-23 11:00:00,18.0,17.094483012175402
2017-01-23 12:00:00,16.0,17.647318836878327
2017-01-23 13:00:00,19.0,18.43492153513587
2017-01-23 14:00:00,21.0,18.84075791260814
2017-01-23 15:00:00,27.0,26.34694098153338
2017-01-23 16:00:00,39.0,33.38436947483554
2017-01-23 17:00:00,34.0,34.39506494349368
2017-01-23 18:00:00,39.0,42.850378552787035
2017-01-23 19:00:00,47.0,43.21974621770454
2017-01-23 20:00:00,68.0,63.13573796258213
2017-01-23 21:00:00,80.0,73.53406974403622
2017-01-23 22:00:00,84.0,87.49049722909585
2017-01-23 23:00:00,95.0,98.71725601722018
2017-01-24 00:00:00,97.0,92.26817833124777
2017-01-24 01:00:00,95.0,104.55926994369746
2017-01-24 02:00:00,89.0,93.1487477572061
2017-01-24 03:00:00,93.0,98.62422539187405
2017-01-24 04:00:00,105.0,103.06543509397359
2017-01-24 05:00:00,100.0,102.30669557244558
2017-01-24 06:00:00,72.0,85.52269153993323
2017-01-24 07:00:00,51.0,61.58215365458996
2017-01-24 08:00:00,27.0,29.729071564016365
2017-01-24 09:00:00,28.0,31.260391885032263
2017-01-24 10:00:00,29.0,23.50983944620205
2017-01-24 11:00:00,44.0,44.18118309226557
2017-01-24 12:00:00,53.0,48.21438097762011
2017-01-24 13:00:00,68.0,67.97347676187174
2017-01-24 14:00:00,71.0,68.63587457958941
2017-01-24 15:00:00,86.0,87.42680874903017
2017-01-24 16:00:00,109.0,101.75311074915872
2017-01-24 17:00:00,120.0,116.50327556484298
2017-01-24 18:00:00,122.0,128.74411649019055
2017-01-24 19:00:00,130.0,133.0842602577789
2017-01-24 20:00:00,134.0,132.80503497535432
2017-01-24 21:00:00,128.0,132.14464291128593
2017-01-24 22:00:00,120.0,124.25009219517194
2017-01-24 23:00:00,128.0,124.6248823060407
2017-01-25 00:00:00,134.0,126.5498672829926
2017-01-25 01:00:00,152.0,150.26909389599354
2017-01-25 02:00:00,169.0,162.54864259460027
2017-01-25 03:00:00,202.0,195.824170842098
2017-01-25 04:00:00,220.0,212.52307952694804
2017-01-25 05:00:00,208.0,208.9957588657715
2017-01-25 06:00:00,191.0,204.73774285554725
2017-01-25 07:00:00,156.0,163.7405518659607
2017-01-25 08:00:00,160.0,167.54438457601293
2017-01-25 09:00:00,154.0,149.29663567960336
2017-01-25 10:00:00,164.0,171.76957658110325
2017-01-25 11:00:00,136.0,132.62191987345636
2017-01-25 12:00:00,143.0,153.33802773813557
2017-01-25 13:00:00,150.0,138.06479708497267
2017-01-25 14:00:00,157.0,157.93926971620448
2017-01-25 15:00:00,164.0,164.58004571607245
2017-01-25 16:00:00,162.0,163.0923841287667
2017-01-25 17:00:00,176.0,171.9942244248739
2017-01-25 18:00:00,200.0,189.7185935598805
2017-01-25 19:00:00,194.0,187.8434384643133
2017-01-25 20:00:00,208.0,215.13777879830383
2017-01-25 21:00:00,224.0,211.80428262610621
2017-01-25 22:00:00,236.0,232.5824523411444
2017-01-25 23:00:00,253.0,249.36926945487073
2017-01-26 00:00:00,260.0,254.5566700915748
2017-01-26 01:00:00,269.0,270.46596714741753
2017-01-26 02:00:00,295.0,285.09425983357414
2017-01-26 03:00:00,321.0,306.1536087655959
2017-01-26 04:00:00,326.0,311.8024488679691
2017-01-26 05:00:00,318.0,325.7398430768793
2017-01-26 06:00:00,288.0,294.7026640817817
2017-01-26 07:00:00,246.0,258.2945141875166
2017-01-26 08:00:00,238.0,241.9906558419301
2017-01-26 09:00:00,248.0,237.4013827518233
2017-01-26 10:00:00,262.0,255.4130942172526
2017-01-26 11:00:00,270.0,265.749505823504
2017-01-26 12:00:00,259.0,262.9364951073922
2017-01-26 13:00:00,209.0,222.702505777834
2017-01-26 14:00:00,96.0,126.34936963755182
2017-01-26 15:00:00,51.0,73.42264007069754
2017-01-26 16:00:00,8.0,-2.146387896114888
2017-01-26 17:00:00,7.0,16.56112769721919
2017-01-26 18:00:00,10.0,2.8321725494403864
2017-01-26 19:00:00,9.0,9.632337534134805
2017-01-26 20:00:00,11.0,11.284735847517197
2017-01-26 21:00:00,7.0,4.0707410123768994
2017-01-26 22:00:00,4.0,5.302700603743162
2017-01-26 23:00:00,10.0,6.496763865664121
2017-01-27 00:00:00,11.0,6.557480155041091
2017-01-27 01:00:00,11.0,12.333427243780775
2017-01-27 02:00:00,13.0,12.270115691244229
2017-01-27 03:00:00,10.0,8.865461553474006
2017-01-27 04:00:00,6.0,7.299756120592022
2017-01-27 05:00:00,9.0,6.690628712843889
2017-01-27 06:00:00,11.0,7.48733269002507
2017-01-27 07:00:00,11.0,12.525434865370656
2017-01-27 08:00:00,11.0,12.780308196431335
2017-01-27 09:00:00,15.0,15.636385396615523
2017-01-27 10:00:00,24.0,19.85666732007975
2017-01-27 11:00:00,28.0,24.582071802522606
2017-01-27 12:00:00,37.0,35.030872533896755
2017-01-27 13:00:00,41.0,36.76885253653329
2017-01-27 14:00:00,45.0,44.297604006373135
2017-01-27 15:00:00,44.0,43.14457269612588
2017-01-27 16:00:00,53.0,50.5002510130531
2017-01-27 17:00:00,58.0,50.204719624300296
2017-01-27 18:00:00,61.0,60.8245494818522
2017-01-27 19:00:00,87.0,77.57674226934274
2017-01-27 20:00:00,118.0,96.55684901737048
2017-01-27 21:00:00,179.0,154.72281313336674
2017-01-27 22:00:00,240.0,205.11313161187422
2017-01-27 23:00:00,278.0,258.3760824341853
2017-01-28 00:00:00,305.0,296.53846257379416
2017-01-28 01:00:00,576.0,490.62317783794646
2017-01-28 02:00:00,641.0,515.7424724152665
2017-01-28 03:00:00,651.0,710.59884395884
2017-01-28 04:00:00,682.0,663.4106955651389
2017-01-28 05:00:00,713.0,677.9716394262143
2017-01-28 06:00:00,697.0,681.4562571787385
2017-01-28 07:00:00,462.0,495.31607959443335
2017-01-28 08:00:00,383.0,437.65025191352487
2017-01-28 09:00:00,374.0,310.77373919732435
2017-01-28 10:00:00,323.0,320.8618359515348
2017-01-28 11:00:00,257.0,287.15128553322603
2017-01-28 12:00:00,249.0,245.83612643073923
2017-01-28 13:00:00,244.0,225.89333799850766
2017-01-28 14:00:00,238.0,242.6065659845206
2017-01-28 15:00:00,242.0,240.9402207001839
2017-01-28 16:00:00,243.0,236.7887867756957
2017-01-28 17:00:00,247.0,246.3938912705798
2017-01-28 18:00:00,246.0,239.0604437534094
2017-01-28 19:00:00,243.0,239.84242728942996
2017-01-28 20:00:00,242.0,244.12200504567255
2017-01-28 21:00:00,258.0,247.78172621426336
2017-01-28 22:00:00,273.0,266.4355780992499
2017-01-28 23:00:00,307.0,292.0420342030321
2017-01-29 00:00:00,297.0,293.2569737612923
2017-01-29 01:00:00,292.0,308.67879560513177
2017-01-29 02:00:00,203.0,214.19783670705397
2017-01-29 03:00:00,11.0,64.30092681991265
2017-01-29 04:00:00,3.0,25.986121750307873
2017-01-29 05:00:00,9.0,-44.161546912863614
2017-01-29 06:00:00,9.0,21.421111242597348
2017-01-29 07:00:00,10.0,19.2776055998265
2017-01-29 08:00:00,10.0,6.697688975279647
2017-01-29 09:00:00,11.0,13.178288139371304
2017-01-29 10:00:00,10.0,12.185721064491446
2017-01-29 11:00:00,12.0,13.49159887647859
2017-01-29 12:00:00,7.0,8.746692178886065
2017-01-29 13:00:00,15.0,14.741879948923867
2017-01-29 14:00:00,15.0,10.214551314342586
2017-01-29 15:00:00,8.0,14.00459276456806
2017-01-29 16:00:00,13.0,12.994329080891688
2017-01-29 17:00:00,11.0,7.359416296326472
2017-01-29 18:00:00,11.0,14.31470278272917
2017-01-29 19:00:00,3.0,1.5991806881886674
2017-01-29 20:00:00,8.0,6.4489760120071224
2017-01-29 21:00:00,9.0,0.2595779412175432
2017-01-29 22:00:00,7.0,4.883729323214681
2017-01-29 23:00:00,10.0,5.564941305126467
2017-01-30 00:00:00,8.0,2.4373575242043586
2017-01-30 01:00:00,9.0,6.042427216581814
2017-01-30 02:00:00,7.0,1.7555334815762365
2017-01-30 03:00:00,9.0,4.869786654472023
2017-01-30 04:00:00,8.0,2.8000961187853477
2017-01-30 05:00:00,5.0,2.754531684948873
2017-01-30 06:00:00,7.0,3.6707496083277533
2017-01-30 07:00:00,9.0,4.374047581939095
2017-01-30 08:00:00,8.0,7.105077676651618
2017-01-30 09:00:00,6.0,6.315469325322681
2017-01-30 10:00:00,12.0,9.026232056932187
2017-01-30 11:00:00,4.0,1.0041860519911268
2017-01-30 12:00:00,4.0,5.352796852900653
2017-01-30 13:00:00,3.0,-1.7077071875297491
2017-01-30 14:00:00,8.0,5.609478233859733
2017-01-30 15:00:00,9.0,4.491830682023732
2017-01-30 16:00:00,9.0,7.436313898845796
2017-01-30 17:00:00,35.0,25.354855731139267
2017-01-30 18:00:00,126.0,84.46690871727212
2017-01-30 19:00:00,71.0,54.99281343206991
2017-01-30 20:00:00,64.0,104.64081063567276
2017-01-30 21:00:00,57.0,32.77439100380555
2017-01-30 22:00:00,59.0,56.19685205760693
2017-01-30 23:00:00,70.0,62.33701135169996
2017-01-31 00:00:00,70.0,59.399720384256014
2017-01-31 01:00:00,78.0,71.34408122649306
2017-01-31 02:00:00,86.0,74.29489432961749
2017-01-31 03:00:00,95.0,86.68473967787564
2017-01-31 04:00:00,98.0,91.59232036231138
2017-01-31 05:00:00,104.0,100.48584624353389
2017-01-31 06:00:00,86.0,86.12876923565774
2017-01-31 07:00:00,94.0,96.88031993889983
2017-01-31 08:00:00,93.0,84.08448443839664
2017-01-31 09:00:00,100.0,102.23989755004094
2017-01-31 10:00:00,85.0,83.30501741002432
2017-01-31 11:00:00,81.0,86.57113575227693
2017-01-31 12:00:00,79.0,74.27586975876191
2017-01-31 13:00:00,68.0,69.25136931453697
2017-01-31 14:00:00,50.0,55.01890245936879
2017-01-31 15:00:00,55.0,53.134765310779954
2017-01-31 16:00:00,72.0,58.67063781588776
2017-01-31 17:00:00,80.0,72.42454356295154
2017-01-31 18:00:00,72.0,75.96394085086511
2017-01-31 19:00:00,91.0,89.39994862087438
2017-01-31 20:00:00,73.0,66.61077426081532
2017-01-31 21:00:00,24.0,41.13254277217797
2017-01-31 22:00:00,10.0,14.631887978553777
2017-01-31 23:00:00,3.0,-9.195975154115715
2017-02-01 00:00:00,5.0,4.324803086456896
2017-02-01 01:00:00,5.0,1.4577035154057398
2017-02-01 02:00:00,7.0,4.2674417800106
2017-02-01 03:00:00,6.0,3.022863033542123
2017-02-01 04:00:00,8.0,5.981529662205801
2017-02-01 05:00:00,8.0,5.738298214413504
2017-02-01 06:00:00,6.0,6.409233579814227
2017-02-01 07:00:00,5.0,5.631442135758974
2017-02-01 08:00:00,7.0,5.351955140940007
2017-02-01 09:00:00,9.0,6.392133563109155
2017-02-01 10:00:00,10.0,7.522613381756301
2017-02-01 11:00:00,6.0,4.682649631376378
2017-02-01 12:00:00,9.0,8.238725446329
2017-02-01 13:00:00,15.0,8.864166920784854
2017-02-01 14:00:00,8.0,7.363656928137161
2017-02-01 15:00:00,10.0,11.898969485183855
2017-02-01 16:00:00,17.0,9.678643687476196
2017-02-01 17:00:00,20.0,16.06442098632543
2017-02-01 18:00:00,3.0,11.86439759272561
2017-02-01 19:00:00,44.0,39.72595035343842
2017-02-01 20:00:00,89.0,53.55549708821053
2017-02-01 21:00:00,126.0,114.03053572978463
2017-02-01 22:00:00,129.0,127.8471341753342
2017-02-01 23:00:00,146.0,151.34272056212473
2017-02-02 00:00:00,154.0,145.2130204266594
2017-02-02 01:00:00,124.0,133.37094474879262
2017-02-02 02:00:00,133.0,141.62794131701992
2017-02-02 03:00:00,121.0,107.13113229869303
2017-02-02 04:00:00,37.0,56.156918589693944
2017-02-02 05:00:00,34.0,50.278398571616535
2017-02-02 06:00:00,31.0,6.805143342817104
2017-02-02 07:00:00,38.0,44.23558399175103
2017-02-02 08:00:00,37.0,38.25854337874971
2017-02-02 09:00:00,42.0,41.42138782458278
2017-02-02 10:00:00,41.0,38.68084117270014
2017-02-02 11:00:00,51.0,49.887390608532044
2017-02-02 12:00:00,58.0,51.856690879751795
2017-02-02 13:00:00,61.0,60.234015398688726
2017-02-02 14:00:00,63.0,62.50916688008364
2017-02-02 15:00:00,70.0,66.75670931877868
2017-02-02 16:00:00,71.0,68.63590841766585
2017-02-02 17:00:00,72.0,74.99203541595891
2017-02-02 18:00:00,87.0,83.95815724055238
2017-02-02 19:00:00,119.0,105.27680907072879
2017-02-02 20:00:00,132.0,118.88618193574776
2017-02-02 21:00:00,147.0,150.04291475035643
2017-02-02 22:00:00,150.0,147.63195958282165
2017-02-02 23:00:00,156.0,157.07753255854402
2017-02-03 00:00:00,148.0,142.78434419309383
2017-02-03 01:00:00,145.0,152.8290067408971
2017-02-03 02:00:00,166.0,161.24405014611352
2017-02-03 03:00:00,168.0,161.4329081783796
2017-02-03 04:00:00,140.0,145.8364995347972
2017-02-03 05:00:00,112.0,125.16448337426412
2017-02-03 06:00:00,103.0,103.14018073737775
2017-02-03 07:00:00,100.0,99.12077032081415
2017-02-03 08:00:00,102.0,105.9769370665522
2017-02-03 09:00:00,97.0,98.37318697119507
2017-02-03 10:00:00,63.0,69.67546012852786
2017-02-03 11:00:00,66.0,71.04912112388173
2017-02-03 12:00:00,79.0,63.17769054028675
2017-02-03 13:00:00,103.0,94.52101287678151
2017-02-03 14:00:00,116.0,107.92882149196483
2017-02-03 15:00:00,127.0,122.5680331521488
2017-02-03 16:00:00,156.0,150.20535945869972
2017-02-03 17:00:00,219.0,194.0338598380394
2017-02-03 18:00:00,232.0,209.02627079102626
2017-02-03 19:00:00,245.0,256.9800288684279
2017-02-03 20:00:00,251.0,245.7685888051313
2017-02-03 21:00:00,299.0,283.9011615011523
2017-02-03 22:00:00,319.0,290.71020953094694
2017-02-03 23:00:00,317.0,318.75233619978104
2017-02-04 00:00:00,321.0,321.86054495411753
2017-02-04 01:00:00,316.0,313.552049199071
2017-02-04 02:00:00,317.0,317.8598289056977
2017-02-04 03:00:00,339.0,326.6111007465264
2017-02-04 04:00:00,351.0,335.6592427083835
2017-02-04 05:00:00,343.0,345.2131596702354
2017-02-04 06:00:00,359.0,355.54511769902695
2017-02-04 07:00:00,331.0,324.11945639600503
2017-02-04 08:00:00,311.0,327.2512440278126
2017-02-04 09:00:00,303.0,298.0251560147439
2017-02-04 10:00:00,288.0,285.4952558563684
2017-02-04 11:00:00,281.0,283.43235698032237
2017-02-04 12:00:00,300.0,288.8112370890433
2017-02-04 13:00:00,284.0,274.69811713165086
2017-02-04 14:00:00,251.0,265.27514790420497
2017-02-04 15:00:00,213.0,219.89027543266383
2017-02-04 16:00:00,258.0,251.43795418777353
2017-02-04 17:00:00,348.0,293.4171761938685
2017-02-04 18:00:00,327.0,308.1232086131838
2017-02-04 19:00:00,279.0,320.2972737868842
2017-02-04 20:00:00,82.0,111.7904972666776
2017-02-04 21:00:00,25.0,68.32125527395887
2017-02-04 22:00:00,9.0,-32.213676101246335
2017-02-04 23:00:00,8.0,7.590422802971702
2017-02-05 00:00:00,10.0,13.701500870755694
2017-02-05 01:00:00,11.0,6.6243146653483365
2017-02-05 02:00:00,17.0,15.568739352182362
2017-02-05 03:00:00,17.0,15.635466079738023
2017-02-05 04:00:00,19.0,20.557493648227577
2017-02-05 05:00:00,20.0,16.773336612101318
2017-02-05 06:00:00,18.0,16.760612602927864
2017-02-05 07:00:00,15.0,14.453064886250388
2017-02-05 08:00:00,10.0,9.419384652663439
2017-02-05 09:00:00,8.0,8.003103247357913
2017-02-05 10:00:00,7.0,5.049047608503699
2017-02-05 11:00:00,10.0,7.074350625936873
2017-02-05 12:00:00,8.0,4.350833439187852
2017-02-05 13:00:00,9.0,7.042993894758268
2017-02-05 14:00:00,9.0,4.04650743730528
2017-02-05 15:00:00,9.0,7.055765590949989
2017-02-05 16:00:00,18.0,11.407350864155333
2017-02-05 17:00:00,18.0,9.901175501204804
2017-02-05 18:00:00,10.0,10.614179543350758
2017-02-05 19:00:00,7.0,5.241537097205253
2017-02-05 20:00:00,7.0,1.30039520067929
2017-02-05 21:00:00,9.0,4.844107309375232
2017-02-05 22:00:00,8.0,4.539296645840693
2017-02-05 23:00:00,11.0,6.738326720652054
2017-02-06 00:00:00,8.0,3.9876124346820063
2017-02-06 01:00:00,10.0,7.917816764521945
2017-02-06 02:00:00,9.0,3.7030483975703845
2017-02-06 03:00:00,6.0,4.314685746936377
2017-02-06 04:00:00,5.0,2.116825324379093
2017-02-06 05:00:00,7.0,1.8531054754391647
2017-02-06 06:00:00,3.0,0.5521400965010059
2017-02-06 07:00:00,6.0,5.475879703177867
2017-02-06 08:00:00,5.0,1.6850276700956073
2017-02-06 09:00:00,7.0,6.574220867782969
2017-02-06 10:00:00,6.0,2.7288156223092983
2017-02-06 11:00:00,7.0,4.487512534406477
2017-02-06 12:00:00,5.0,1.6426666118996565
2017-02-06 13:00:00,3.0,1.1439412687204253
2017-02-06 14:00:00,3.0,0.8690925836438197
2017-02-06 15:00:00,4.0,0.9958449118737747
2017-02-06 16:00:00,6.0,5.26995802443399
2017-02-06 17:00:00,13.0,10.028397799764562
2017-02-06 18:00:00,7.0,6.661881309193973
2017-02-06 19:00:00,21.0,21.174375379177036
2017-02-06 20:00:00,26.0,16.82811796025217
2017-02-06 21:00:00,30.0,31.94385303885946
2017-02-06 22:00:00,38.0,34.77934264007614
2017-02-06 23:00:00,35.0,32.93597328750583
2017-02-07 00:00:00,40.0,41.129083575256004
2017-02-07 01:00:00,56.0,47.78130529700135
2017-02-07 02:00:00,68.0,61.65111657497131
2017-02-07 03:00:00,70.0,71.84319082603317
2017-02-07 04:00:00,67.0,70.40133063036397
2017-02-07 05:00:00,66.0,66.98077440699272
2017-02-07 06:00:00,70.0,66.27154920815202
2017-02-07 07:00:00,69.0,68.11026886188658
2017-02-07 08:00:00,76.0,75.10303665450571
2017-02-07 09:00:00,78.0,78.54079825198086
2017-02-07 10:00:00,90.0,88.45365702053085
2017-02-07 11:00:00,73.0,73.26289785577434
2017-02-07 12:00:00,40.0,53.12794709150012
2017-02-07 13:00:00,38.0,39.86267954868798
2017-02-07 14:00:00,45.0,35.59512372944485
2017-02-07 15:00:00,59.0,56.243209589691304
2017-02-07 16:00:00,88.0,76.72660950194732
2017-02-07 17:00:00,101.0,94.2312799540256
2017-02-07 18:00:00,110.0,115.42327687639364
2017-02-07 19:00:00,110.0,113.58193251935022
2017-02-07 20:00:00,118.0,119.58644420677304
2017-02-07 21:00:00,107.0,106.4552752294377
2017-02-07 22:00:00,106.0,113.00370414131702
2017-02-07 23:00:00,114.0,109.1536417357279
2017-02-08 00:00:00,113.0,112.27723719155286
2017-02-08 01:00:00,117.0,120.24501432540212
2017-02-08 02:00:00,118.0,115.48935002421298
2017-02-08 03:00:00,118.0,119.58126711871525
2017-02-08 04:00:00,111.0,113.69395126937114
2017-02-08 05:00:00,102.0,105.05260927948301
2017-02-08 06:00:00,63.0,68.18396625440376
2017-02-08 07:00:00,10.0,27.095095419283965
2017-02-08 08:00:00,8.0,12.060837887225446
2017-02-08 09:00:00,9.0,-6.574142838500968
2017-02-08 10:00:00,12.0,13.26405877402513
2017-02-08 11:00:00,10.0,9.176231659522841
2017-02-08 12:00:00,7.0,5.77231455435728
2017-02-08 13:00:00,14.0,11.99558916824111
2017-02-08 14:00:00,12.0,7.059294093006869
2017-02-08 15:00:00,7.0,8.593312667309561
2017-02-08 16:00:00,14.0,9.386330155232258
2017-02-08 17:00:00,11.0,3.063317170631919
2017-02-08 18:00:00,6.0,8.136608522157019
2017-02-08 19:00:00,8.0,6.103595573218783
2017-02-08 20:00:00,9.0,3.687942550951874
2017-02-08 21:00:00,6.0,4.957835310915613
2017-02-08 22:00:00,9.0,6.394789465852881
2017-02-08 23:00:00,8.0,2.2836768035922574
2017-02-09 00:00:00,10.0,7.5652999670215735
2017-02-09 01:00:00,6.0,2.587149875098973
2017-02-09 02:00:00,9.0,5.104227171081774
2017-02-09 03:00:00,8.5,0.9591208602579968
2017-02-09 04:00:00,8.0,4.170906677420888
2017-02-09 05:00:00,6.0,2.2461053385158465
2017-02-09 06:00:00,4.0,1.5560019835472332
2017-02-09 07:00:00,7.0,2.923399470440387
2017-02-09 08:00:00,6.0,1.4421030233416872
2017-02-09 09:00:00,7.0,5.338833786655499
2017-02-09 10:00:00,6.0,2.1443637681218632
2017-02-09 11:00:00,4.0,2.152279916459051
2017-02-09 12:00:00,8.0,3.2535198792067206
2017-02-09 13:00:00,7.0,2.5611579264040785
2017-02-09 14:00:00,11.0,9.098819998927496
2017-02-09 15:00:00,11.0,5.733855409159361
2017-02-09 16:00:00,8.0,6.470603215730094
2017-02-09 17:00:00,4.0,2.497472451207983
2017-02-09 18:00:00,3.0,0.5684795224136252
2017-02-09 19:00:00,7.0,1.7846423914175773
2017-02-09 20:00:00,7.0,1.5628006638705187
2017-02-09 21:00:00,8.0,5.044171572271054
2017-02-09 22:00:00,8.0,3.010772441811852
2017-02-09 23:00:00,6.0,2.568008329676587
2017-02-10 00:00:00,5.0,1.8422768773965146
2017-02-10 01:00:00,8.0,1.84300091743944
2017-02-10 02:00:00,4.0,-0.7044642252863582
2017-02-10 03:00:00,8.0,4.400637067535953
2017-02-10 04:00:00,4.0,-1.835243185585128
2017-02-10 05:00:00,5.0,3.070089425611073
2017-02-10 06:00:00,3.0,-2.243736978679962
2017-02-10 07:00:00,7.0,3.3959277456169588
2017-02-10 08:00:00,6.0,0.8551707551729635
2017-02-10 09:00:00,7.0,5.7981206494988555
2017-02-10 10:00:00,10.0,4.253299635338536
2017-02-10 11:00:00,9.0,4.372177870140803
2017-02-10 12:00:00,5.0,3.5172955820917053
2017-02-10 13:00:00,9.0,5.999296656702626
2017-02-10 14:00:00,7.0,2.092908666439854
2017-02-10 15:00:00,6.0,6.135092157370522
2017-02-10 16:00:00,9.0,3.9595646942146914
2017-02-10 17:00:00,6.0,1.0446542563662717
2017-02-10 18:00:00,8.0,6.818243820852004
2017-02-10 19:00:00,6.0,1.8530422768155432
2017-02-10 20:00:00,9.0,5.979011019762723
2017-02-10 21:00:00,7.0,2.139164827564173
2017-02-10 22:00:00,8.0,5.919849609518948
2017-02-10 23:00:00,13.0,5.472401034971469
2017-02-11 00:00:00,9.0,4.5748164858750755
2017-02-11 01:00:00,12.0,12.49058126486085
2017-02-11 02:00:00,11.0,5.287746602348804
2017-02-11 03:00:00,11.0,10.591616049368056
2017-02-11 04:00:00,19.0,12.451414110528987
2017-02-11 05:00:00,18.0,15.953606107511902
2017-02-11 06:00:00,15.0,19.068189789460362
2017-02-11 07:00:00,11.0,12.088447406458272
2017-02-11 08:00:00,13.0,14.96588157034553
2017-02-11 09:00:00,22.0,19.69327385863062
2017-02-11 10:00:00,19.0,17.90166996522339
2017-02-11 11:00:00,17.0,20.109852911346152
2017-02-11 12:00:00,14.0,10.710250544996228
2017-02-11 13:00:00,10.0,8.64282018204753
2017-02-11 14:00:00,3.0,1.9962601063188146
2017-02-11 15:00:00,14.0,8.704356945631105
2017-02-11 16:00:00,13.0,3.9476152169127943
2017-02-11 17:00:00,30.0,28.373152298995322
2017-02-11 18:00:00,49.0,36.01993264409576
2017-02-11 19:00:00,56.0,51.453949863438126
2017-02-11 20:00:00,90.0,85.02586769593943
2017-02-11 21:00:00,139.0,114.75577752741056
2017-02-11 22:00:00,185.0,167.75325975855293
2017-02-11 23:00:00,237.0,219.47029641589904
2017-02-12 00:00:00,220.0,222.206738655116
2017-02-12 01:00:00,214.0,232.48875882940962
2017-02-12 02:00:00,113.0,118.43016841592608
2017-02-12 03:00:00,101.0,123.23758651144148
2017-02-12 04:00:00,46.0,25.011534628491887
2017-02-12 05:00:00,31.0,48.60282891509482
2017-02-12 06:00:00,30.0,19.720919910986893
2017-02-12 07:00:00,44.0,40.364984695892716
2017-02-12 08:00:00,60.0,56.27641150690715
2017-02-12 09:00:00,69.0,69.44853550495633
2017-02-12 10:00:00,93.0,98.88479240461281
2017-02-12 11:00:00,126.0,119.07657231856923
2017-02-12 12:00:00,118.0,123.19886645968775
2017-02-12 13:00:00,116.0,135.3309039206565
2017-02-12 14:00:00,114.0,107.44009858967537
2017-02-12 15:00:00,98.0,102.75293379648146
2017-02-12 16:00:00,109.0,112.4595008886164
2017-02-12 17:00:00,97.0,90.81542552862145
2017-02-12 18:00:00,107.0,117.23241718150875
2017-02-12 19:00:00,113.0,105.71767555750056
2017-02-12 20:00:00,102.0,108.15099926103314
2017-02-12 21:00:00,122.0,123.82013115778189
2017-02-12 22:00:00,129.0,113.70946663213583
2017-02-12 23:00:00,135.0,143.86181710198224
2017-02-13 00:00:00,151.0,153.90488655655247
2017-02-13 01:00:00,191.0,184.4050389074634
2017-02-13 02:00:00,198.0,195.6133416761619
2017-02-13 03:00:00,198.0,215.72099766033506
2017-02-13 04:00:00,178.0,185.1697932654431
2017-02-13 05:00:00,131.0,147.89353002935292
2017-02-13 06:00:00,134.0,142.76684875958983
2017-02-13 07:00:00,119.0,111.46749125754401
2017-02-13 08:00:00,73.0,92.31960212999853
2017-02-13 09:00:00,72.0,81.72810793421117
2017-02-13 10:00:00,65.0,54.44177283679015
2017-02-13 11:00:00,45.0,54.72361297708811
2017-02-13 12:00:00,29.0,35.2692452197593
2017-02-13 13:00:00,15.0,13.742019824345832
2017-02-13 14:00:00,14.0,13.14059246662326
2017-02-13 15:00:00,16.0,11.397354837993973
2017-02-13 16:00:00,18.0,16.08117880818915
2017-02-13 17:00:00,21.0,19.87591229635794
2017-02-13 18:00:00,24.0,22.577901576831735
2017-02-13 19:00:00,24.0,28.562185005003798
2017-02-13 20:00:00,89.0,76.27076069620874
2017-02-13 21:00:00,101.0,77.09565577480397
2017-02-13 22:00:00,144.0,156.75895033681007
2017-02-13 23:00:00,180.0,157.86710911549898
2017-02-14 00:00:00,159.0,161.79757403757225
2017-02-14 01:00:00,137.0,158.1855720653026
2017-02-14 02:00:00,144.0,141.74294389823257
2017-02-14 03:00:00,149.0,134.28911447423405
2017-02-14 04:00:00,148.0,151.27970547559386
2017-02-14 05:00:00,148.0,150.20909073992806
2017-02-14 06:00:00,139.0,142.3794926922593
2017-02-14 07:00:00,151.0,152.490628662649
2017-02-14 08:00:00,148.0,145.0824928202378
2017-02-14 09:00:00,140.0,148.84239125587857
2017-02-14 10:00:00,149.0,149.14341736901497
2017-02-14 11:00:00,170.0,159.5830407046165
2017-02-14 12:00:00,196.0,180.1037913011295
2017-02-14 13:00:00,198.0,196.5675969328775
2017-02-14 14:00:00,215.0,219.49106420726736
2017-02-14 15:00:00,213.0,208.61590183926108
2017-02-14 16:00:00,214.0,215.53956228784682
2017-02-14 17:00:00,210.0,209.12244075549881
2017-02-14 18:00:00,205.0,207.1853887490323
2017-02-14 19:00:00,210.0,207.85349831167912
2017-02-14 20:00:00,211.0,205.99652156880694
2017-02-14 21:00:00,227.0,223.8142662656299
2017-02-14 22:00:00,247.0,235.39965467913186
2017-02-14 23:00:00,260.0,254.62657580540002
2017-02-15 00:00:00,277.0,275.83914533053434
2017-02-15 01:00:00,261.0,263.7475793595272
2017-02-15 02:00:00,244.0,256.5251255216827
2017-02-15 03:00:00,236.0,234.061791213429
2017-02-15 04:00:00,225.0,224.0456798465479
2017-02-15 05:00:00,240.0,235.18958632481957
2017-02-15 06:00:00,241.0,229.08576496391356
2017-02-15 07:00:00,230.0,235.0886149681259
2017-02-15 08:00:00,232.0,231.93264683460023
2017-02-15 09:00:00,234.0,226.57185050022218
2017-02-15 10:00:00,245.0,240.75080000470376
2017-02-15 11:00:00,249.0,245.73566433940516
2017-02-15 12:00:00,265.0,260.85537652399677
2017-02-15 13:00:00,229.0,228.14688826294878
2017-02-15 14:00:00,3.0,65.88635058660499
2017-02-15 15:00:00,3.0,57.538217277559326
2017-02-15 16:00:00,173.0,47.137664130275695
2017-02-15 17:00:00,253.0,177.6413798658034
2017-02-15 18:00:00,269.0,299.91240019477334
2017-02-15 19:00:00,275.0,287.99626273198317
2017-02-15 20:00:00,285.0,286.9143025362783
2017-02-15 21:00:00,255.0,261.50624816522077
2017-02-15 22:00:00,263.0,269.0056887532299
2017-02-15 23:00:00,276.0,254.32992433481655
2017-02-16 00:00:00,295.0,284.90218573335
2017-02-16 01:00:00,299.0,291.3144176297591
2017-02-16 02:00:00,285.0,288.19499412320323
2017-02-16 03:00:00,277.0,280.22394428657293
2017-02-16 04:00:00,284.0,276.07727525908706
2017-02-16 05:00:00,275.0,268.3639122430958
2017-02-16 06:00:00,270.0,272.53416735536143
2017-02-16 07:00:00,270.0,261.85116761790334
2017-02-16 08:00:00,236.0,233.70163470551233
2017-02-16 09:00:00,185.0,199.38306434121574
2017-02-16 10:00:00,82.0,98.25181088061488
2017-02-16 11:00:00,41.0,60.623096688819786
2017-02-16 12:00:00,14.0,4.0284004811315555
2017-02-16 13:00:00,15.0,18.530856948665615
2017-02-16 14:00:00,11.0,8.555599884708059
2017-02-16 15:00:00,4.0,7.370990676535783
2017-02-16 16:00:00,10.0,8.220232054129738
2017-02-16 17:00:00,14.0,7.105447894404151
2017-02-16 18:00:00,9.0,11.552672475736529
2017-02-16 19:00:00,9.0,11.877472472760758
2017-02-16 20:00:00,11.0,7.351085998553344
2017-02-16 21:00:00,8.0,6.803341541455495
2017-02-16 22:00:00,8.0,7.340502277547159
2017-02-16 23:00:00,5.0,1.1904210834253348
2017-02-17 00:00:00,6.0,4.4458588095724
2017-02-17 01:00:00,6.0,1.3064335133324505
2017-02-17 02:00:00,5.0,1.582326529247922
2017-02-17 03:00:00,7.0,2.6131431072055875
2017-02-17 04:00:00,10.0,4.951463050576351
2017-02-17 05:00:00,9.0,6.5218786491596035
2017-02-17 06:00:00,10.0,8.195121900246832
2017-02-17 07:00:00,9.0,4.945837749967978
2017-02-17 08:00:00,9.0,6.969231261496276
2017-02-17 09:00:00,9.0,5.150871205123536
2017-02-17 10:00:00,8.0,4.408482934508996
2017-02-17 11:00:00,6.0,3.775184116419368
2017-02-17 12:00:00,8.0,3.4231480887052896
2017-02-17 13:00:00,8.0,2.007711973293638
2017-02-17 14:00:00,6.0,3.4993302153956733
2017-02-17 15:00:00,7.0,4.216465986002987
2017-02-17 16:00:00,9.0,4.557420824162804
2017-02-17 17:00:00,27.0,20.566094291435107
2017-02-17 18:00:00,49.0,37.74761996063465
2017-02-17 19:00:00,64.0,58.02981994262349
2017-02-17 20:00:00,57.0,60.2471544706146
2017-02-17 21:00:00,53.0,59.57985459856046
2017-02-17 22:00:00,52.0,48.18555810047809
2017-02-17 23:00:00,50.0,47.36549059230124
2017-02-18 00:00:00,56.0,53.18598864816626
2017-02-18 01:00:00,67.0,57.589790743693
2017-02-18 02:00:00,71.0,67.60045509913446
2017-02-18 03:00:00,87.0,84.20493956404984
2017-02-18 04:00:00,80.0,78.69641195088629
2017-02-18 05:00:00,74.0,84.51125538125483
2017-02-18 06:00:00,74.0,74.18929126144165
2017-02-18 07:00:00,71.0,70.90457934875123
2017-02-18 08:00:00,70.0,73.54869502108453
2017-02-18 09:00:00,79.0,76.62920643442082
2017-02-18 10:00:00,75.0,71.99121141735476
2017-02-18 11:00:00,89.0,88.7521448002003
2017-02-18 12:00:00,94.0,83.68312405941096
2017-02-18 13:00:00,91.0,93.18272308223736
2017-02-18 14:00:00,87.0,88.44786079323471
2017-02-18 15:00:00,87.0,84.52521224473305
2017-02-18 16:00:00,92.0,87.66114681329843
2017-02-18 17:00:00,75.0,74.12122400811371
2017-02-18 18:00:00,62.0,69.12497985004352
2017-02-18 19:00:00,75.0,67.42263335384605
2017-02-18 20:00:00,90.0,75.39518476432646
2017-02-18 21:00:00,103.0,96.92149894053584
2017-02-18 22:00:00,108.0,102.681056146973
2017-02-18 23:00:00,123.0,117.17323949678767
2017-02-19 00:00:00,129.0,118.68865103467276
2017-02-19 01:00:00,134.0,133.25948117608243
2017-02-19 02:00:00,144.0,137.53198271863334
2017-02-19 03:00:00,161.0,149.11150750134414
2017-02-19 04:00:00,169.0,159.3302143951467
2017-02-19 05:00:00,170.0,168.37626846389816
2017-02-19 06:00:00,167.0,166.08976382952102
2017-02-19 07:00:00,168.0,165.2487500251994
2017-02-19 08:00:00,169.0,164.7579652503777
2017-02-19 09:00:00,162.0,160.76974822399922
2017-02-19 10:00:00,162.0,161.05403340083495
2017-02-19 11:00:00,169.0,161.116834968599
2017-02-19 12:00:00,195.0,181.8059724030856
2017-02-19 13:00:00,189.0,179.16265270884554
2017-02-19 14:00:00,168.0,174.89027609292282
2017-02-19 15:00:00,91.0,98.91398942852344
2017-02-19 16:00:00,17.0,45.18280831030076
2017-02-19 17:00:00,13.0,10.608923877504452
2017-02-19 18:00:00,7.0,-11.035482848791098
2017-02-19 19:00:00,7.0,14.605669375963174
2017-02-19 20:00:00,12.0,10.526071606198897
2017-02-19 21:00:00,6.0,6.490511556684268
2017-02-19 22:00:00,8.0,10.449477395260885
2017-02-19 23:00:00,5.0,0.6789516392948087
2017-02-20 00:00:00,5.0,2.863067922126021
2017-02-20 01:00:00,3.0,-1.671897530646504
2017-02-20 02:00:00,6.0,1.2036918155389884
2017-02-20 03:00:00,3.0,-1.6539784283310581
2017-02-20 04:00:00,4.0,2.2989237500287913
2017-02-20 05:00:00,8.0,2.795737911718959
2017-02-20 06:00:00,6.0,3.1673259654934185
2017-02-20 07:00:00,3.0,3.811845475844237
2017-02-20 08:00:00,5.0,3.045266917038049
2017-02-20 09:00:00,3.0,0.803047972512914
2017-02-20 10:00:00,8.0,6.835282841812742
2017-02-20 11:00:00,9.0,5.951630013883587
2017-02-20 12:00:00,8.0,6.582135473923216
2017-02-20 13:00:00,7.0,6.63899977356273
2017-02-20 14:00:00,12.0,8.01020335387038
2017-02-20 15:00:00,11.333333333333334,6.780484648553795
2017-02-20 16:00:00,10.666666666666666,9.589468567344582
2017-02-20 17:00:00,10.0,6.680132533685125
2017-02-20 18:00:00,12.5,10.864198167969647
2017-02-20 19:00:00,15.0,13.993320394480506
2017-02-20 20:00:00,16.0,16.02174219450687
2017-02-20 21:00:00,20.0,20.691922074212968
2017-02-20 22:00:00,25.0,22.511861449759763
2017-02-20 23:00:00,28.0,25.8576087722721
2017-02-21 00:00:00,34.0,31.35412729467005
2017-02-21 01:00:00,40.0,34.50876437946006
2017-02-21 02:00:00,46.0,40.900268743125196
2017-02-21 03:00:00,50.0,45.07638997194374
2017-02-21 04:00:00,63.33333333333333,57.18137226159557
2017-02-21 05:00:00,76.66666666666666,66.6566020920741
2017-02-21 06:00:00,90.0,84.40785002736949
2017-02-21 07:00:00,84.66666666666667,84.97313920500066
2017-02-21 08:00:00,79.33333333333333,86.08358490137094
2017-02-21 09:00:00,74.0,74.926738596438
2017-02-21 10:00:00,102.0,100.96508681151555
2017-02-21 11:00:00,96.5,89.64414359350435
2017-02-21 12:00:00,91.0,103.8552702572491
2017-02-21 13:00:00,66.5,71.0961536253924
2017-02-21 14:00:00,42.0,52.44000400769542
2017-02-21 15:00:00,40.0,41.22444677621813
2017-02-21 16:00:00,28.0,26.26701973712106
2017-02-21 17:00:00,21.0,28.722378268937362
2017-02-21 18:00:00,29.0,25.828886211824113
2017-02-21 19:00:00,31.0,27.313484400852616
2017-02-21 20:00:00,47.0,45.34600419708045
2017-02-21 21:00:00,67.0,53.54791600385188
2017-02-21 22:00:00,60.0,58.80250587636637
2017-02-21 23:00:00,62.0,66.74762098745201
2017-02-22 00:00:00,55.0,50.47097555608856
2017-02-22 01:00:00,70.0,64.89645828275813
2017-02-22 02:00:00,81.0,65.29818114040945
2017-02-22 03:00:00,88.0,84.55385423504718
2017-02-22 04:00:00,86.0,84.91303741748895
2017-02-22 05:00:00,86.0,86.87640731768626
2017-02-22 06:00:00,91.0,87.23688648865495
2017-02-22 07:00:00,95.0,90.33517406586834
2017-02-22 08:00:00,95.0,94.1342434487563
2017-02-22 09:00:00,108.0,104.29518159023989
2017-02-22 10:00:00,114.0,105.95813871881195
2017-02-22 11:00:00,131.0,127.45438741392691
2017-02-22 12:00:00,142.0,133.1540232958945
2017-02-22 13:00:00,139.0,140.94665720469408
2017-02-22 14:00:00,147.0,147.93123149290187
2017-02-22 15:00:00,145.0,139.22599821459744
2017-02-22 16:00:00,131.0,134.58060651736264
2017-02-22 17:00:00,28.0,44.92642490078396
2017-02-22 18:00:00,11.0,32.652070949177386
2017-02-22 19:00:00,10.0,-18.513228055968668
2017-02-22 20:00:00,14.0,15.27228188510152
2017-02-22 21:00:00,14.0,15.574609859873505
2017-02-22 22:00:00,15.0,11.887075393239058
2017-02-22 23:00:00,12.0,9.044536153950844
2017-02-23 00:00:00,13.0,12.138292084499895
2017-02-23 01:00:00,15.0,9.732494455281824
2017-02-23 02:00:00,11.0,8.343723346899765
2017-02-23 03:00:00,12.0,10.585022785861867
2017-02-23 04:00:00,15.0,8.970694974174606
2017-02-23 05:00:00,13.0,11.676190058903813
2017-02-23 06:00:00,13.0,14.546536494157465
2017-02-23 07:00:00,11.0,12.910381669408665
2017-02-23 08:00:00,15.0,16.616324492592213
2017-02-23 09:00:00,12.0,9.819851009278878
2017-02-23 10:00:00,11.0,13.926891930406939
2017-02-23 11:00:00,13.0,11.057375041057583
2017-02-23 12:00:00,13.0,10.772903479447564
2017-02-23 13:00:00,12.0,10.268682519351415
2017-02-23 14:00:00,3.0,2.2578716656059754
2017-02-23 15:00:00,18.0,15.657720233937496
2017-02-23 16:00:00,31.0,16.60855282554705
2017-02-23 17:00:00,23.0,24.41283397302699
2017-02-23 18:00:00,10.0,17.118696360753646
2017-02-23 19:00:00,6.0,7.019664235367301
2017-02-23 20:00:00,33.0,22.447278050137513
2017-02-23 21:00:00,26.0,18.77764118663508
2017-02-23 22:00:00,30.0,41.3391708268491
2017-02-23 23:00:00,45.0,34.08475973047983
2017-02-24 00:00:00,46.0,41.801876784016144
2017-02-24 01:00:00,48.0,51.37715237389696
2017-02-24 02:00:00,36.0,37.57956299000753
2017-02-24 03:00:00,36.0,42.16018013262054
2017-02-24 04:00:00,28.0,26.24422770552181
2017-02-24 05:00:00,23.0,27.908529841420858
2017-02-24 06:00:00,16.0,18.201185789050697
2017-02-24 07:00:00,20.0,20.619237558585368
2017-02-24 08:00:00,20.0,19.295793403087018
2017-02-24 09:00:00,26.0,26.268752965135732
2017-02-24 10:00:00,23.0,21.783364480640344
2017-02-24 11:00:00,22.0,23.98852236059534
2017-02-24 12:00:00,21.0,18.25509642447581
2017-02-24 13:00:00,16.0,15.626176193004767
2017-02-24 14:00:00,16.0,15.12790557059482
2017-02-24 15:00:00,18.0,13.845789067230228
2017-02-24 16:00:00,11.0,8.040713990150834
2017-02-24 17:00:00,11.0,10.795758976299965
2017-02-24 18:00:00,9.0,4.842640665994622
2017-02-24 19:00:00,11.0,9.061625850417869
2017-02-24 20:00:00,10.0,6.733405273880393
2017-02-24 21:00:00,14.0,11.56324422189654
2017-02-24 22:00:00,18.0,12.926829940845892
2017-02-24 23:00:00,18.0,17.308539513326892
2017-02-25 00:00:00,12.0,12.711663970578456
2017-02-25 01:00:00,7.0,7.66486083048018
2017-02-25 02:00:00,11.0,7.8313764919304845
2017-02-25 03:00:00,7.0,3.644589523085102
2017-02-25 04:00:00,13.0,12.115150459097293
2017-02-25 05:00:00,13.0,7.154947749215168
2017-02-25 06:00:00,3.0,8.458986657225964
2017-02-25 07:00:00,11.0,12.86760519508421
2017-02-25 08:00:00,5.0,1.962175579554696
2017-02-25 09:00:00,7.0,11.882143211295045
2017-02-25 10:00:00,17.0,9.373654056761183
2017-02-25 11:00:00,9.0,5.780957462633566
2017-02-25 12:00:00,12.0,14.013888266042159
2017-02-25 13:00:00,7.0,0.27657961233333594
2017-02-25 14:00:00,10.0,8.871955208759616
2017-02-25 15:00:00,8.0,2.7925074044106566
2017-02-25 16:00:00,9.0,6.867813491173294
2017-02-25 17:00:00,11.0,6.385948044643982
2017-02-25 18:00:00,14.0,8.657285898280776
2017-02-25 19:00:00,14.0,12.601306692348345
2017-02-25 20:00:00,17.0,14.090212009654806
2017-02-25 21:00:00,12.0,10.240061361798126
2017-02-25 22:00:00,25.0,21.34405230109732
2017-02-25 23:00:00,15.0,8.530634576603788
2017-02-26 00:00:00,24.0,27.807678487734037
2017-02-26 01:00:00,22.0,13.889989222997542
2017-02-26 02:00:00,19.0,21.43091992100004
2017-02-26 03:00:00,18.0,18.75956573108995
2017-02-26 04:00:00,18.0,17.462987511485366
2017-02-26 05:00:00,25.0,24.2477201686428
2017-02-26 06:00:00,30.0,28.105242628901664
2017-02-26 07:00:00,32.0,36.059703977025094
2017-02-26 08:00:00,30.0,33.940535766021725
2017-02-26 09:00:00,19.0,21.295376638725585
2017-02-26 10:00:00,20.0,22.774459718679495
2017-02-26 11:00:00,31.0,22.82777640998809
2017-02-26 12:00:00,26.0,21.984244605563703
2017-02-26 13:00:00,23.0,27.276503347252145
2017-02-26 14:00:00,24.0,20.862281933612962
2017-02-26 15:00:00,24.0,21.701051547140395
2017-02-26 16:00:00,26.0,25.344558550162745
2017-02-26 17:00:00,29.0,25.861111252023747
2017-02-26 18:00:00,30.0,27.67186860051511
2017-02-26 19:00:00,30.0,29.645261324924533
2017-02-26 20:00:00,36.0,33.1927059403193
2017-02-26 21:00:00,42.0,37.189350064480905
2017-02-26 22:00:00,51.0,48.27597765239716
2017-02-26 23:00:00,46.0,45.26789656747458
2017-02-27 00:00:00,38.0,44.11876355767035
2017-02-27 01:00:00,55.0,53.8067759642755
2017-02-27 02:00:00,77.0,64.42163061742626
2017-02-27 03:00:00,85.0,83.65867717591608
2017-02-27 04:00:00,94.0,99.1312025718211
2017-02-27 05:00:00,96.0,94.20711120419578
2017-02-27 06:00:00,80.0,86.48293292392906
2017-02-27 07:00:00,73.0,81.01788917509255
2017-02-27 08:00:00,61.0,58.62018451832638
2017-02-27 09:00:00,52.0,56.61492979577268
2017-02-27 10:00:00,89.0,81.95617472007079
2017-02-27 11:00:00,122.0,95.429968399147
2017-02-27 12:00:00,115.66666666666669,119.63117178256958
2017-02-27 13:00:00,109.33333333333331,124.49655206324094
2017-02-27 14:00:00,103.0,104.91673875641887
2017-02-27 15:00:00,95.0,96.6054615529216
2017-02-27 16:00:00,75.0,74.68525946990685
2017-02-27 17:00:00,58.0,61.39208558255562
2017-02-27 18:00:00,47.0,45.97398279809549
2017-02-27 19:00:00,51.0,47.85221616539326
2017-02-27 20:00:00,51.0,49.118950817140316
2017-02-27 21:00:00,53.0,55.33555439354977
2017-02-27 22:00:00,58.0,57.156085348120186
2017-02-27 23:00:00,70.0,66.40544729313832
2017-02-28 00:00:00,56.0,55.95325823657784
2017-02-28 01:00:00,15.0,26.316355817034946
2017-02-28 02:00:00,9.0,12.512868726143296
2017-02-28 03:00:00,7.0,-5.3969461800466405
2017-02-28 04:00:00,13.0,11.509005530258008
2017-02-28 05:00:00,12.0,9.092122137837947
2017-02-28 06:00:00,9.0,7.608438710986192
2017-02-28 07:00:00,11.0,9.139244051100476
2017-02-28 08:00:00,13.0,10.427113966967369
2017-02-28 09:00:00,12.0,11.49969510538179
2017-02-28 10:00:00,11.0,8.708996649603222
2017-02-28 11:00:00,7.0,3.5998141898910205
2017-02-28 12:00:00,6.0,3.517575595017732
2017-02-28 13:00:00,6.0,0.7738785996995006
2017-02-28 14:00:00,5.0,0.7355167457860858
2017-02-28 15:00:00,6.0,2.017929134802401
2017-02-28 16:00:00,12.0,5.496102152520606
2017-02-28 17:00:00,12.0,6.224084280838781
2017-02-28 18:00:00,13.0,12.092557776262922
2017-02-28 19:00:00,12.0,8.547219160280278
2017-02-28 20:00:00,13.0,11.580036036857578
2017-02-28 21:00:00,16.0,12.993531732516175
2017-02-28 22:00:00,21.0,16.762595361546417
2017-02-28 23:00:00,19.0,15.715167002623204
